wavenumbers,0
300.84641,1
301.62113,0.99945
302.39584,0.99889
303.17056,0.99834
303.94528,0.99777
304.72,0.99721
305.49471,0.99664
306.26943,0.99607
307.04415,0.99549
307.81887,0.99491
308.59358,0.99433
309.3683,0.99375
310.14302,0.99316
310.91774,0.99256
311.69245,0.99197
312.46717,0.99137
313.24189,0.99076
314.0166,0.99016
314.79132,0.98955
315.56604,0.98893
316.34076,0.98832
317.11547,0.9877
317.89019,0.98707
318.66491,0.98644
319.43963,0.98581
320.21434,0.98518
320.98906,0.98454
321.76378,0.9839
322.5385,0.98326
323.31321,0.98261
324.08793,0.98196
324.86265,0.9813
325.63736,0.98064
326.41208,0.97998
327.1868,0.97932
327.96152,0.97865
328.73623,0.97798
329.51095,0.9773
330.28567,0.97662
331.06039,0.97594
331.8351,0.97525
332.60982,0.97456
333.38454,0.97387
334.15925,0.97318
334.93397,0.97248
335.70869,0.97178
336.48341,0.97107
337.25812,0.97036
338.03284,0.96965
338.80756,0.96893
339.58228,0.96822
340.35699,0.96749
341.13171,0.96677
341.90643,0.96604
342.68115,0.96531
343.45586,0.96457
344.23058,0.96383
345.0053,0.96309
345.78001,0.96235
346.55473,0.9616
347.32945,0.96085
348.10417,0.96009
348.87888,0.95933
349.6536,0.95857
350.42832,0.95781
351.20304,0.95704
351.97775,0.95627
352.75247,0.95549
353.52719,0.95471
354.30191,0.95393
355.07662,0.95315
355.85134,0.95236
356.62606,0.95157
357.40077,0.95078
358.17549,0.94998
358.95021,0.94918
359.72493,0.94838
360.49964,0.94757
361.27436,0.94676
362.04908,0.94595
362.8238,0.94513
363.59851,0.94432
364.37323,0.94349
365.14795,0.94267
365.92267,0.94184
366.69738,0.94101
367.4721,0.94017
368.24682,0.93934
369.02153,0.9385
369.79625,0.93765
370.57097,0.93681
371.34569,0.93596
372.1204,0.9351
372.89512,0.93425
373.66984,0.93339
374.44456,0.93253
375.21927,0.93166
375.99399,0.93079
376.76871,0.92992
377.54342,0.92905
378.31814,0.92817
379.09286,0.92729
379.86758,0.92641
380.64229,0.92552
381.41701,0.92464
382.19173,0.92374
382.96645,0.92285
383.74116,0.92195
384.51588,0.92105
385.2906,0.92015
386.06532,0.91924
386.84003,0.91833
387.61475,0.91742
388.38947,0.91651
389.16418,0.91559
389.9389,0.91467
390.71362,0.91374
391.48834,0.91282
392.26305,0.91189
393.03777,0.91096
393.81249,0.91002
394.58721,0.90908
395.36192,0.90814
396.13664,0.9072
396.91136,0.90626
397.68608,0.90531
398.46079,0.90436
399.23551,0.9034
400.01023,0.90244
400.78494,0.90148
401.55966,0.90052
402.33438,0.89956
403.1091,0.89859
403.88381,0.89762
404.65853,0.89665
405.43325,0.89567
406.20797,0.89469
406.98268,0.89371
407.7574,0.89273
408.53212,0.89174
409.30684,0.89075
410.08155,0.88976
410.85627,0.88877
411.63099,0.88777
412.4057,0.88677
413.18042,0.88577
413.95514,0.88477
414.72986,0.88376
415.50457,0.88275
416.27929,0.88174
417.05401,0.88072
417.82873,0.87971
418.60344,0.87869
419.37816,0.87766
420.15288,0.87664
420.9276,0.87561
421.70231,0.87458
422.47703,0.87355
423.25175,0.87252
424.02646,0.87148
424.80118,0.87044
425.5759,0.8694
426.35062,0.86836
427.12533,0.86731
427.90005,0.86626
428.67477,0.86521
429.44949,0.86416
430.2242,0.8631
430.99892,0.86204
431.77364,0.86098
432.54835,0.85992
433.32307,0.85886
434.09779,0.85779
434.87251,0.85672
435.64722,0.85565
436.42194,0.85458
437.19666,0.8535
437.97138,0.85242
438.74609,0.85134
439.52081,0.85026
440.29553,0.84917
441.07025,0.84809
441.84496,0.847
442.61968,0.84591
443.3944,0.84481
444.16911,0.84372
444.94383,0.84262
445.71855,0.84152
446.49327,0.84042
447.26798,0.83931
448.0427,0.83821
448.81742,0.8371
449.59214,0.83599
450.36685,0.83488
451.14157,0.83376
451.91629,0.83265
452.69101,0.83153
453.46572,0.83041
454.24044,0.82929
455.01516,0.82816
455.78987,0.82704
456.56459,0.82591
457.33931,0.82478
458.11403,0.82365
458.88874,0.82251
459.66346,0.82138
460.43818,0.82024
461.2129,0.8191
461.98761,0.81796
462.76233,0.81682
463.53705,0.81567
464.31177,0.81452
465.08648,0.81338
465.8612,0.81223
466.63592,0.81107
467.41063,0.80992
468.18535,0.80876
468.96007,0.80761
469.73479,0.80645
470.5095,0.80529
471.28422,0.80412
472.05894,0.80296
472.83366,0.80179
473.60837,0.80063
474.38309,0.79946
475.15781,0.79829
475.93252,0.79711
476.70724,0.79594
477.48196,0.79477
478.25668,0.79359
479.03139,0.79241
479.80611,0.79123
480.58083,0.79005
481.35555,0.78887
482.13026,0.78769
482.90498,0.7865
483.6797,0.78532
484.45442,0.78413
485.22913,0.78294
486.00385,0.78176
486.77857,0.78057
487.55328,0.77939
488.328,0.7782
489.10272,0.77701
489.87744,0.77583
490.65215,0.77465
491.42687,0.77347
492.20159,0.7723
492.97631,0.77113
493.75102,0.76996
494.52574,0.76881
495.30046,0.76766
496.07518,0.76652
496.84989,0.76539
497.62461,0.76427
498.39933,0.76317
499.17404,0.76209
499.94876,0.76103
500.72348,0.75999
501.4982,0.75898
502.27291,0.758
503.04763,0.75705
503.82235,0.75614
504.59707,0.75528
505.37178,0.75446
506.1465,0.75369
506.92122,0.75299
507.69594,0.75234
508.47065,0.75177
509.24537,0.75127
510.02009,0.75085
510.7948,0.75051
511.56952,0.75027
512.34424,0.75012
513.11896,0.75008
513.89367,0.75015
514.66839,0.75033
515.44311,0.75062
516.21783,0.75103
516.99254,0.75157
517.76726,0.75222
518.54198,0.75301
519.3167,0.75391
520.09141,0.75493
520.86613,0.75607
521.64085,0.75733
522.41556,0.75869
523.19028,0.76014
523.965,0.76169
524.73972,0.76331
525.51443,0.765
526.28915,0.76673
527.06387,0.7685
527.83859,0.77029
528.6133,0.77208
529.38802,0.77384
530.16274,0.77557
530.93745,0.77724
531.71217,0.77882
532.48689,0.7803
533.26161,0.78166
534.03632,0.78287
534.81104,0.78391
535.58576,0.78477
536.36048,0.78542
537.13519,0.78586
537.90991,0.78606
538.68463,0.78601
539.45935,0.78571
540.23406,0.78513
541.00878,0.78429
541.7835,0.78316
542.55821,0.78176
543.33293,0.78007
544.10765,0.77812
544.88237,0.77589
545.65708,0.77341
546.4318,0.77068
547.20652,0.76771
547.98124,0.76453
548.75595,0.76114
549.53067,0.75757
550.30539,0.75383
551.08011,0.74994
551.85482,0.74593
552.62954,0.74182
553.40426,0.73763
554.17897,0.73337
554.95369,0.72908
555.72841,0.72477
556.50313,0.72045
557.27784,0.71616
558.05256,0.71189
558.82728,0.70768
559.602,0.70354
560.37671,0.69947
561.15143,0.69549
561.92615,0.69161
562.70087,0.68783
563.47558,0.68417
564.2503,0.68063
565.02502,0.67721
565.79973,0.67391
566.57445,0.67073
567.34917,0.66768
568.12389,0.66475
568.8986,0.66194
569.67332,0.65925
570.44804,0.65667
571.22276,0.65421
571.99747,0.65184
572.77219,0.64958
573.54691,0.6474
574.32162,0.64532
575.09634,0.64332
575.87106,0.64139
576.64578,0.63954
577.42049,0.63775
578.19521,0.63603
578.96993,0.63435
579.74465,0.63274
580.51936,0.63116
581.29408,0.62963
582.0688,0.62814
582.84352,0.62669
583.61823,0.62527
584.39295,0.62388
585.16767,0.62252
585.94238,0.62119
586.7171,0.61989
587.49182,0.61861
588.26654,0.61736
589.04125,0.61613
589.81597,0.61493
590.59069,0.61376
591.36541,0.61261
592.14012,0.6115
592.91484,0.61041
593.68956,0.60936
594.46428,0.60835
595.23899,0.60737
596.01371,0.60644
596.78843,0.60555
597.56314,0.60471
598.33786,0.60393
599.11258,0.6032
599.8873,0.60253
600.66201,0.60193
601.43673,0.60141
602.21145,0.60096
602.98617,0.60059
603.76088,0.6003
604.5356,0.60011
605.31032,0.60001
606.08504,0.60001
606.85975,0.60012
607.63447,0.60033
608.40919,0.60065
609.1839,0.60109
609.95862,0.60164
610.73334,0.60231
611.50806,0.6031
612.28277,0.60401
613.05749,0.60503
613.83221,0.60617
614.60693,0.60742
615.38164,0.60878
616.15636,0.61024
616.93108,0.61179
617.7058,0.61343
618.48051,0.61515
619.25523,0.61694
620.02995,0.61879
620.80466,0.62068
621.57938,0.62261
622.3541,0.62455
623.12882,0.62649
623.90353,0.62841
624.67825,0.63031
625.45297,0.63215
626.22769,0.63393
627.0024,0.63562
627.77712,0.6372
628.55184,0.63867
629.32655,0.64
630.10127,0.64117
630.87599,0.64217
631.65071,0.64298
632.42542,0.6436
633.20014,0.64399
633.97486,0.64417
634.74958,0.6441
635.52429,0.6438
636.29901,0.64324
637.07373,0.64243
637.84845,0.64137
638.62316,0.64005
639.39788,0.63847
640.1726,0.63664
640.94731,0.63457
641.72203,0.63225
642.49675,0.62971
643.27147,0.62695
644.04618,0.62399
644.8209,0.62084
645.59562,0.61751
646.37034,0.61402
647.14505,0.6104
647.91977,0.60665
648.69449,0.6028
649.46921,0.59887
650.24392,0.59487
651.01864,0.59084
651.79336,0.58678
652.56807,0.58272
653.34279,0.57868
654.11751,0.57468
654.89223,0.57074
655.66694,0.56689
656.44166,0.56313
657.21638,0.5595
657.9911,0.55601
658.76581,0.55269
659.54053,0.54956
660.31525,0.54666
661.08997,0.54401
661.86468,0.54166
662.6394,0.53964
663.41412,0.53801
664.18883,0.53681
664.96355,0.53611
665.73827,0.53597
666.51299,0.53648
667.2877,0.53771
668.06242,0.53974
668.83714,0.54266
669.61186,0.54655
670.38657,0.55149
671.16129,0.55754
671.93601,0.56475
672.71073,0.57314
673.48544,0.58272
674.26016,0.59345
675.03488,0.60526
675.80959,0.61804
676.58431,0.63162
677.35903,0.64581
678.13375,0.66037
678.90846,0.67503
679.68318,0.68948
680.4579,0.7034
681.23262,0.71646
682.00733,0.72834
682.78205,0.73874
683.55677,0.74737
684.33148,0.75402
685.1062,0.75851
685.88092,0.76072
686.65564,0.76061
687.43035,0.75821
688.20507,0.7536
688.97979,0.74694
689.75451,0.73844
690.52922,0.72835
691.30394,0.71696
692.07866,0.70456
692.85338,0.69147
693.62809,0.678
694.40281,0.66442
695.17753,0.651
695.95224,0.63796
696.72696,0.62548
697.50168,0.6137
698.2764,0.60273
699.05111,0.59263
699.82583,0.58343
700.60055,0.5751
701.37527,0.56763
702.14998,0.56095
702.9247,0.555
703.69942,0.5497
704.47414,0.54497
705.24885,0.54072
706.02357,0.53687
706.79829,0.53336
707.573,0.5301
708.34772,0.52705
709.12244,0.52415
709.89716,0.52136
710.67187,0.51865
711.44659,0.51601
712.22131,0.5134
712.99603,0.51083
713.77074,0.50829
714.54546,0.50578
715.32018,0.50331
716.0949,0.50088
716.86961,0.49851
717.64433,0.49621
718.41905,0.49401
719.19376,0.49191
719.96848,0.48993
720.7432,0.4881
721.51792,0.48644
722.29263,0.48496
723.06735,0.48369
723.84207,0.48264
724.61679,0.48183
725.3915,0.48129
726.16622,0.48102
726.94094,0.48105
727.71565,0.48139
728.49037,0.48204
729.26509,0.48303
730.03981,0.48436
730.81452,0.48603
731.58924,0.48804
732.36396,0.4904
733.13868,0.49311
733.91339,0.49615
734.68811,0.49951
735.46283,0.50319
736.23755,0.50716
737.01226,0.51141
737.78698,0.5159
738.5617,0.52061
739.33641,0.52552
740.11113,0.53058
740.88585,0.53575
741.66057,0.54101
742.43528,0.5463
743.21,0.55159
743.98472,0.55683
744.75944,0.56196
745.53415,0.56695
746.30887,0.57175
747.08359,0.57631
747.85831,0.58059
748.63302,0.58454
749.40774,0.58813
750.18246,0.59131
750.95717,0.59405
751.73189,0.59632
752.50661,0.59809
753.28133,0.59934
754.05604,0.60005
754.83076,0.60021
755.60548,0.59982
756.3802,0.59886
757.15491,0.59734
757.92963,0.59528
758.70435,0.59268
759.47907,0.58957
760.25378,0.58597
761.0285,0.58191
761.80322,0.57741
762.57793,0.57253
763.35265,0.56729
764.12737,0.56175
764.90209,0.55594
765.6768,0.54991
766.45152,0.54371
767.22624,0.5374
768.00096,0.53102
768.77567,0.52461
769.55039,0.51823
770.32511,0.51193
771.09983,0.50575
771.87454,0.49973
772.64926,0.49392
773.42398,0.48835
774.19869,0.48306
774.97341,0.47809
775.74813,0.47345
776.52285,0.46918
777.29756,0.4653
778.07228,0.46182
778.847,0.45877
779.62172,0.45615
780.39643,0.45397
781.17115,0.45223
781.94587,0.45094
782.72058,0.45009
783.4953,0.44967
784.27002,0.44968
785.04474,0.45011
785.81945,0.45093
786.59417,0.45213
787.36889,0.45369
788.14361,0.45559
788.91832,0.45779
789.69304,0.46028
790.46776,0.46301
791.24248,0.46597
792.01719,0.46911
792.79191,0.4724
793.56663,0.47581
794.34134,0.47929
795.11606,0.48281
795.89078,0.48634
796.6655,0.48982
797.44021,0.49324
798.21493,0.49654
798.98965,0.49969
799.76437,0.50267
800.53908,0.50542
801.3138,0.50794
802.08852,0.51018
802.86324,0.51211
803.63795,0.51373
804.41267,0.51501
805.18739,0.51594
805.9621,0.51649
806.73682,0.51668
807.51154,0.5165
808.28626,0.51594
809.06097,0.51503
809.83569,0.51376
810.61041,0.51217
811.38513,0.51026
812.15984,0.50807
812.93456,0.50563
813.70928,0.50297
814.484,0.50013
815.25871,0.49715
816.03343,0.49407
816.80815,0.49094
817.58286,0.48779
818.35758,0.48468
819.1323,0.48165
819.90702,0.47875
820.68173,0.476
821.45645,0.47345
822.23117,0.47113
823.00589,0.46907
823.7806,0.4673
824.55532,0.46582
825.33004,0.46466
826.10475,0.46381
826.87947,0.46328
827.65419,0.46304
828.42891,0.4631
829.20362,0.46341
829.97834,0.46395
830.75306,0.46468
831.52778,0.46556
832.30249,0.46654
833.07721,0.46757
833.85193,0.46858
834.62665,0.46954
835.40136,0.47036
836.17608,0.47101
836.9508,0.47141
837.72551,0.47151
838.50023,0.47127
839.27495,0.47062
840.04967,0.46954
840.82438,0.46799
841.5991,0.46593
842.37382,0.46335
843.14854,0.46023
843.92325,0.45657
844.69797,0.45237
845.47269,0.44764
846.24741,0.44239
847.02212,0.43667
847.79684,0.43049
848.57156,0.42389
849.34627,0.41693
850.12099,0.40964
850.89571,0.40208
851.67043,0.39431
852.44514,0.38637
853.21986,0.37832
853.99458,0.37021
854.7693,0.36211
855.54401,0.35405
856.31873,0.34609
857.09345,0.33827
857.86817,0.33063
858.64288,0.3232
859.4176,0.31603
860.19232,0.30912
860.96703,0.30251
861.74175,0.29622
862.51647,0.29024
863.29119,0.28459
864.0659,0.27928
864.84062,0.2743
865.61534,0.26965
866.39006,0.26532
867.16477,0.2613
867.93949,0.25758
868.71421,0.25414
869.48893,0.25098
870.26364,0.24807
871.03836,0.24539
871.81308,0.24294
872.58779,0.24069
873.36251,0.23863
874.13723,0.23673
874.91195,0.23499
875.68666,0.23339
876.46138,0.23191
877.2361,0.23054
878.01082,0.22927
878.78553,0.22808
879.56025,0.22698
880.33497,0.22594
881.10968,0.22495
881.8844,0.22402
882.65912,0.22313
883.43384,0.22228
884.20855,0.22146
884.98327,0.22067
885.75799,0.2199
886.53271,0.21916
887.30742,0.21843
888.08214,0.21771
888.85686,0.21701
889.63158,0.21632
890.40629,0.21564
891.18101,0.21497
891.95573,0.2143
892.73044,0.21364
893.50516,0.21299
894.27988,0.21234
895.0546,0.21169
895.82931,0.21105
896.60403,0.21042
897.37875,0.20978
898.15347,0.20915
898.92818,0.20853
899.7029,0.20791
900.47762,0.20729
901.25234,0.20667
902.02705,0.20605
902.80177,0.20544
903.57649,0.20483
904.3512,0.20423
905.12592,0.20362
905.90064,0.20302
906.67536,0.20242
907.45007,0.20182
908.22479,0.20123
908.99951,0.20063
909.77423,0.20004
910.54894,0.19945
911.32366,0.19887
912.09838,0.19828
912.8731,0.1977
913.64781,0.19711
914.42253,0.19653
915.19725,0.19595
915.97196,0.19537
916.74668,0.19479
917.5214,0.19422
918.29612,0.19364
919.07083,0.19307
919.84555,0.19249
920.62027,0.19192
921.39499,0.19135
922.1697,0.19078
922.94442,0.1902
923.71914,0.18963
924.49385,0.18906
925.26857,0.18849
926.04329,0.18792
926.81801,0.18735
927.59272,0.18678
928.36744,0.18622
929.14216,0.18565
929.91688,0.18508
930.69159,0.18451
931.46631,0.18394
932.24103,0.18338
933.01575,0.18281
933.79046,0.18224
934.56518,0.18168
935.3399,0.18111
936.11461,0.18055
936.88933,0.17999
937.66405,0.17942
938.43877,0.17886
939.21348,0.1783
939.9882,0.17774
940.76292,0.17719
941.53764,0.17663
942.31235,0.17608
943.08707,0.17553
943.86179,0.17498
944.63651,0.17443
945.41122,0.17389
946.18594,0.17335
946.96066,0.17281
947.73537,0.17228
948.51009,0.17175
949.28481,0.17122
950.05953,0.1707
950.83424,0.17019
951.60896,0.16968
952.38368,0.16918
953.1584,0.16868
953.93311,0.16819
954.70783,0.16771
955.48255,0.16724
956.25727,0.16678
957.03198,0.16634
957.8067,0.1659
958.58142,0.16547
959.35613,0.16506
960.13085,0.16467
960.90557,0.16429
961.68029,0.16393
962.455,0.16359
963.22972,0.16328
964.00444,0.16298
964.77916,0.16271
965.55387,0.16247
966.32859,0.16226
967.10331,0.16208
967.87803,0.16193
968.65274,0.16182
969.42746,0.16176
970.20218,0.16173
970.97689,0.16175
971.75161,0.16181
972.52633,0.16193
973.30105,0.1621
974.07576,0.16233
974.85048,0.16263
975.6252,0.16298
976.39992,0.16341
977.17463,0.16391
977.94935,0.16448
978.72407,0.16514
979.49878,0.16587
980.2735,0.1667
981.04822,0.16761
981.82294,0.16862
982.59765,0.16973
983.37237,0.17093
984.14709,0.17224
984.92181,0.17366
985.69652,0.17519
986.47124,0.17683
987.24596,0.17858
988.02068,0.18046
988.79539,0.18245
989.57011,0.18457
990.34483,0.1868
991.11954,0.18917
991.89426,0.19166
992.66898,0.19427
993.4437,0.19701
994.21841,0.19988
994.99313,0.20287
995.76785,0.20599
996.54257,0.20924
997.31728,0.21261
998.092,0.2161
998.86672,0.21971
999.64144,0.22344
1000.41615,0.22729
1001.19087,0.23125
1001.96559,0.23531
1002.7403,0.23949
1003.51502,0.24377
1004.28974,0.24814
1005.06446,0.25261
1005.83917,0.25718
1006.61389,0.26182
1007.38861,0.26655
1008.16333,0.27135
1008.93804,0.27621
1009.71276,0.28114
1010.48748,0.28613
1011.2622,0.29116
1012.03691,0.29624
1012.81163,0.30134
1013.58635,0.30648
1014.36106,0.31163
1015.13578,0.31679
1015.9105,0.32195
1016.68522,0.3271
1017.45993,0.33222
1018.23465,0.33732
1019.00937,0.34238
1019.78409,0.34738
1020.5588,0.35232
1021.33352,0.35718
1022.10824,0.36196
1022.88295,0.36663
1023.65767,0.3712
1024.43239,0.37564
1025.20711,0.37995
1025.98182,0.38411
1026.75654,0.38812
1027.53126,0.39196
1028.30598,0.39563
1029.08069,0.39911
1029.85541,0.40241
1030.63013,0.40551
1031.40485,0.40841
1032.17956,0.41111
1032.95428,0.41362
1033.729,0.41592
1034.50371,0.41802
1035.27843,0.41994
1036.05315,0.42167
1036.82787,0.42321
1037.60258,0.42459
1038.3773,0.42581
1039.15202,0.42688
1039.92674,0.42781
1040.70145,0.42861
1041.47617,0.42929
1042.25089,0.42986
1043.02561,0.43033
1043.80032,0.43069
1044.57504,0.43096
1045.34976,0.43114
1046.12447,0.43121
1046.89919,0.43118
1047.67391,0.43104
1048.44863,0.43078
1049.22334,0.43039
1049.99806,0.42985
1050.77278,0.42915
1051.5475,0.42827
1052.32221,0.42721
1053.09693,0.42596
1053.87165,0.42449
1054.64637,0.42281
1055.42108,0.42091
1056.1958,0.4188
1056.97052,0.41649
1057.74523,0.41398
1058.51995,0.41129
1059.29467,0.40846
1060.06939,0.4055
1060.8441,0.40246
1061.61882,0.39936
1062.39354,0.39624
1063.16826,0.39315
1063.94297,0.39013
1064.71769,0.38721
1065.49241,0.38443
1066.26713,0.38181
1067.04184,0.3794
1067.81656,0.3772
1068.59128,0.37524
1069.36599,0.37351
1070.14071,0.37201
1070.91543,0.37073
1071.69015,0.36965
1072.46486,0.36874
1073.23958,0.36797
1074.0143,0.3673
1074.78902,0.36667
1075.56373,0.36604
1076.33845,0.36535
1077.11317,0.36454
1077.88788,0.36356
1078.6626,0.36235
1079.43732,0.36087
1080.21204,0.35905
1080.98675,0.35686
1081.76147,0.35426
1082.53619,0.35122
1083.31091,0.34772
1084.08562,0.34373
1084.86034,0.33926
1085.63506,0.33429
1086.40978,0.32885
1087.18449,0.32294
1087.95921,0.3166
1088.73393,0.30985
1089.50864,0.30273
1090.28336,0.29528
1091.05808,0.28755
1091.8328,0.27959
1092.60751,0.27146
1093.38223,0.2632
1094.15695,0.25488
1094.93167,0.24655
1095.70638,0.23827
1096.4811,0.23009
1097.25582,0.22206
1098.03054,0.21424
1098.80525,0.20668
1099.57997,0.19941
1100.35469,0.19248
1101.1294,0.18592
1101.90412,0.17978
1102.67884,0.17408
1103.45356,0.16884
1104.22827,0.1641
1105.00299,0.15987
1105.77771,0.15618
1106.55243,0.15303
1107.32714,0.15045
1108.10186,0.14844
1108.87658,0.14701
1109.6513,0.14618
1110.42601,0.14595
1111.20073,0.14633
1111.97545,0.14733
1112.75016,0.14896
1113.52488,0.15121
1114.2996,0.1541
1115.07432,0.15762
1115.84903,0.16179
1116.62375,0.1666
1117.39847,0.17206
1118.17319,0.17815
1118.9479,0.1849
1119.72262,0.19227
1120.49734,0.20028
1121.27205,0.2089
1122.04677,0.21813
1122.82149,0.22794
1123.59621,0.23831
1124.37092,0.24921
1125.14564,0.26062
1125.92036,0.27249
1126.69508,0.28479
1127.46979,0.29745
1128.24451,0.31044
1129.01923,0.32368
1129.79395,0.33712
1130.56866,0.35069
1131.34338,0.36431
1132.1181,0.37791
1132.89281,0.3914
1133.66753,0.4047
1134.44225,0.41773
1135.21697,0.43039
1135.99168,0.4426
1136.7664,0.45428
1137.54112,0.46534
1138.31584,0.47569
1139.09055,0.48527
1139.86527,0.49398
1140.63999,0.50177
1141.41471,0.50857
1142.18942,0.51433
1142.96414,0.519
1143.73886,0.52254
1144.51357,0.52492
1145.28829,0.52612
1146.06301,0.52614
1146.83773,0.52496
1147.61244,0.5226
1148.38716,0.51907
1149.16188,0.51442
1149.9366,0.50866
1150.71131,0.50186
1151.48603,0.49405
1152.26075,0.48531
1153.03547,0.4757
1153.81018,0.4653
1154.5849,0.45417
1155.35962,0.4424
1156.13433,0.43007
1156.90905,0.41728
1157.68377,0.4041
1158.45849,0.39061
1159.2332,0.37691
1160.00792,0.36308
1160.78264,0.34918
1161.55736,0.33531
1162.33207,0.32153
1163.10679,0.3079
1163.88151,0.2945
1164.65623,0.28137
1165.43094,0.26857
1166.20566,0.25614
1166.98038,0.24412
1167.75509,0.23255
1168.52981,0.22145
1169.30453,0.21085
1170.07925,0.20076
1170.85396,0.1912
1171.62868,0.18218
1172.4034,0.17369
1173.17812,0.16573
1173.95283,0.15832
1174.72755,0.15143
1175.50227,0.14505
1176.27698,0.13919
1177.0517,0.13382
1177.82642,0.12893
1178.60114,0.1245
1179.37585,0.12051
1180.15057,0.11696
1180.92529,0.11382
1181.70001,0.11108
1182.47472,0.10872
1183.24944,0.10673
1184.02416,0.10508
1184.79888,0.10377
1185.57359,0.10279
1186.34831,0.10212
1187.12303,0.10175
1187.89774,0.10167
1188.67246,0.10188
1189.44718,0.10237
1190.2219,0.10313
1190.99661,0.10416
1191.77133,0.10546
1192.54605,0.10702
1193.32077,0.10884
1194.09548,0.11093
1194.8702,0.11329
1195.64492,0.11591
1196.41964,0.1188
1197.19435,0.12196
1197.96907,0.1254
1198.74379,0.1291
1199.5185,0.13309
1200.29322,0.13735
1201.06794,0.14189
1201.84266,0.1467
1202.61737,0.1518
1203.39209,0.15717
1204.16681,0.16281
1204.94153,0.16871
1205.71624,0.17488
1206.49096,0.18129
1207.26568,0.18793
1208.0404,0.1948
1208.81511,0.20188
1209.58983,0.20914
1210.36455,0.21658
1211.13926,0.22415
1211.91398,0.23184
1212.6887,0.23963
1213.46342,0.24747
1214.23813,0.25535
1215.01285,0.26322
1215.78757,0.27105
1216.56229,0.2788
1217.337,0.28645
1218.11172,0.29394
1218.88644,0.30125
1219.66115,0.30833
1220.43587,0.31515
1221.21059,0.32168
1221.98531,0.32787
1222.76002,0.3337
1223.53474,0.33914
1224.30946,0.34416
1225.08418,0.34874
1225.85889,0.35285
1226.63361,0.35647
1227.40833,0.35959
1228.18305,0.36221
1228.95776,0.36431
1229.73248,0.36589
1230.5072,0.36695
1231.28191,0.3675
1232.05663,0.36754
1232.83135,0.36709
1233.60607,0.36616
1234.38078,0.36477
1235.1555,0.36294
1235.93022,0.3607
1236.70494,0.35807
1237.47965,0.35509
1238.25437,0.35177
1239.02909,0.34815
1239.80381,0.34426
1240.57852,0.34014
1241.35324,0.33582
1242.12796,0.33132
1242.90267,0.32668
1243.67739,0.32193
1244.45211,0.31711
1245.22683,0.31223
1246.00154,0.30732
1246.77626,0.30242
1247.55098,0.29754
1248.3257,0.2927
1249.10041,0.28794
1249.87513,0.28325
1250.64985,0.27867
1251.42457,0.27421
1252.19928,0.26988
1252.974,0.26568
1253.74872,0.26164
1254.52343,0.25775
1255.29815,0.25403
1256.07287,0.25049
1256.84759,0.24711
1257.6223,0.24392
1258.39702,0.24091
1259.17174,0.23807
1259.94646,0.23543
1260.72117,0.23296
1261.49589,0.23068
1262.27061,0.22857
1263.04533,0.22665
1263.82004,0.22491
1264.59476,0.22334
1265.36948,0.22194
1266.14419,0.22071
1266.91891,0.21965
1267.69363,0.21874
1268.46835,0.218
1269.24306,0.21741
1270.01778,0.21697
1270.7925,0.21668
1271.56722,0.21652
1272.34193,0.21649
1273.11665,0.21659
1273.89137,0.2168
1274.66608,0.21713
1275.4408,0.21756
1276.21552,0.21808
1276.99024,0.21868
1277.76495,0.21936
1278.53967,0.2201
1279.31439,0.22089
1280.08911,0.22172
1280.86382,0.22257
1281.63854,0.22344
1282.41326,0.22431
1283.18798,0.22517
1283.96269,0.226
1284.73741,0.22678
1285.51213,0.22752
1286.28684,0.22818
1287.06156,0.22875
1287.83628,0.22924
1288.611,0.2296
1289.38571,0.22985
1290.16043,0.22996
1290.93515,0.22992
1291.70987,0.22973
1292.48458,0.22936
1293.2593,0.22882
1294.03402,0.2281
1294.80874,0.22718
1295.58345,0.22607
1296.35817,0.22476
1297.13289,0.22325
1297.9076,0.22153
1298.68232,0.21961
1299.45704,0.21749
1300.23176,0.21518
1301.00647,0.21267
1301.78119,0.20998
1302.55591,0.20711
1303.33063,0.20407
1304.10534,0.20087
1304.88006,0.19752
1305.65478,0.19405
1306.4295,0.19045
1307.20421,0.18674
1307.97893,0.18295
1308.75365,0.17909
1309.52836,0.17519
1310.30308,0.17125
1311.0778,0.1673
1311.85252,0.16337
1312.62723,0.15948
1313.40195,0.15565
1314.17667,0.15192
1314.95139,0.14831
1315.7261,0.14486
1316.50082,0.1416
1317.27554,0.13856
1318.05026,0.13579
1318.82497,0.13332
1319.59969,0.13119
1320.37441,0.12945
1321.14912,0.12814
1321.92384,0.12731
1322.69856,0.127
1323.47328,0.12727
1324.24799,0.12816
1325.02271,0.12971
1325.79743,0.13197
1326.57215,0.13497
1327.34686,0.13875
1328.12158,0.14335
1328.8963,0.14877
1329.67101,0.15503
1330.44573,0.16213
1331.22045,0.17006
1331.99517,0.1788
1332.76988,0.18831
1333.5446,0.19854
1334.31932,0.20942
1335.09404,0.22088
1335.86875,0.23281
1336.64347,0.24511
1337.41819,0.25766
1338.19291,0.27032
1338.96762,0.28295
1339.74234,0.29541
1340.51706,0.30753
1341.29177,0.31917
1342.06649,0.33019
1342.84121,0.34043
1343.61593,0.34977
1344.39064,0.35808
1345.16536,0.36526
1345.94008,0.37123
1346.7148,0.37593
1347.48951,0.37932
1348.26423,0.3814
1349.03895,0.38217
1349.81367,0.38168
1350.58838,0.38
1351.3631,0.37723
1352.13782,0.37348
1352.91253,0.36889
1353.68725,0.36362
1354.46197,0.35784
1355.23669,0.35173
1356.0114,0.34548
1356.78612,0.33927
1357.56084,0.33331
1358.33556,0.32776
1359.11027,0.32281
1359.88499,0.3186
1360.65971,0.31527
1361.43443,0.31296
1362.20914,0.31174
1362.98386,0.3117
1363.75858,0.31289
1364.53329,0.31531
1365.30801,0.31897
1366.08273,0.32385
1366.85745,0.32987
1367.63216,0.33697
1368.40688,0.34504
1369.1816,0.35398
1369.95632,0.36366
1370.73103,0.37392
1371.50575,0.38462
1372.28047,0.39562
1373.05518,0.40674
1373.8299,0.41784
1374.60462,0.42877
1375.37934,0.43939
1376.15405,0.44956
1376.92877,0.45918
1377.70349,0.46813
1378.47821,0.47634
1379.25292,0.48374
1380.02764,0.49027
1380.80236,0.49592
1381.57708,0.50066
1382.35179,0.50451
1383.12651,0.50749
1383.90123,0.50964
1384.67594,0.511
1385.45066,0.51166
1386.22538,0.51167
1387.0001,0.51112
1387.77481,0.5101
1388.54953,0.5087
1389.32425,0.507
1390.09897,0.50509
1390.87368,0.50307
1391.6484,0.501
1392.42312,0.49897
1393.19784,0.49703
1393.97255,0.49525
1394.74727,0.49367
1395.52199,0.49234
1396.2967,0.49128
1397.07142,0.49052
1397.84614,0.49005
1398.62086,0.48989
1399.39557,0.49003
1400.17029,0.49046
1400.94501,0.49114
1401.71973,0.49206
1402.49444,0.49318
1403.26916,0.49447
1404.04388,0.49587
1404.8186,0.49734
1405.59331,0.49884
1406.36803,0.5003
1407.14275,0.50168
1407.91746,0.50292
1408.69218,0.50396
1409.4669,0.50474
1410.24162,0.50522
1411.01633,0.50532
1411.79105,0.505
1412.56577,0.5042
1413.34049,0.50288
1414.1152,0.50098
1414.88992,0.49845
1415.66464,0.49527
1416.43936,0.4914
1417.21407,0.48681
1417.98879,0.48147
1418.76351,0.47538
1419.53822,0.46852
1420.31294,0.46091
1421.08766,0.45254
1421.86238,0.44344
1422.63709,0.43364
1423.41181,0.42317
1424.18653,0.41208
1424.96125,0.40041
1425.73596,0.38822
1426.51068,0.37557
1427.2854,0.36254
1428.06011,0.34919
1428.83483,0.33561
1429.60955,0.32185
1430.38427,0.30801
1431.15898,0.29416
1431.9337,0.28037
1432.70842,0.26671
1433.48314,0.25326
1434.25785,0.24007
1435.03257,0.2272
1435.80729,0.21471
1436.58201,0.20263
1437.35672,0.19102
1438.13144,0.1799
1438.90616,0.16929
1439.68087,0.15922
1440.45559,0.14971
1441.23031,0.14074
1442.00503,0.13234
1442.77974,0.12448
1443.55446,0.11717
1444.32918,0.11039
1445.1039,0.10413
1445.87861,0.09836
1446.65333,0.09306
1447.42805,0.08821
1448.20277,0.08378
1448.97748,0.07976
1449.7522,0.07611
1450.52692,0.0728
1451.30163,0.06982
1452.07635,0.06713
1452.85107,0.06471
1453.62579,0.06255
1454.4005,0.0606
1455.17522,0.05887
1455.94994,0.05732
1456.72466,0.05594
1457.49937,0.05471
1458.27409,0.05362
1459.04881,0.05265
1459.82353,0.05178
1460.59824,0.05102
1461.37296,0.05034
1462.14768,0.04973
1462.92239,0.0492
1463.69711,0.04872
1464.47183,0.0483
1465.24655,0.04793
1466.02126,0.0476
1466.79598,0.0473
1467.5707,0.04704
1468.34542,0.04681
1469.12013,0.04661
1469.89485,0.04642
1470.66957,0.04626
1471.44428,0.04612
1472.219,0.046
1472.99372,0.04589
1473.76844,0.04579
1474.54315,0.04571
1475.31787,0.04564
1476.09259,0.04559
1476.86731,0.04555
1477.64202,0.04552
1478.41674,0.0455
1479.19146,0.0455
1479.96618,0.04551
1480.74089,0.04554
1481.51561,0.04559
1482.29033,0.04565
1483.06504,0.04574
1483.83976,0.04585
1484.61448,0.04598
1485.3892,0.04615
1486.16391,0.04634
1486.93863,0.04657
1487.71335,0.04685
1488.48807,0.04717
1489.26278,0.04754
1490.0375,0.04796
1490.81222,0.04845
1491.58694,0.04901
1492.36165,0.04965
1493.13637,0.05038
1493.91109,0.0512
1494.6858,0.05214
1495.46052,0.05319
1496.23524,0.05437
1497.00996,0.05569
1497.78467,0.05718
1498.55939,0.05884
1499.33411,0.06069
1500.10883,0.06275
1500.88354,0.06504
1501.65826,0.06757
1502.43298,0.07037
1503.2077,0.07346
1503.98241,0.07686
1504.75713,0.08059
1505.53185,0.08468
1506.30656,0.08916
1507.08128,0.09404
1507.856,0.09935
1508.63072,0.10511
1509.40543,0.11135
1510.18015,0.11809
1510.95487,0.12535
1511.72959,0.13315
1512.5043,0.14151
1513.27902,0.15044
1514.05374,0.15995
1514.82846,0.17006
1515.60317,0.18076
1516.37789,0.19205
1517.15261,0.20394
1517.92732,0.2164
1518.70204,0.22943
1519.47676,0.24301
1520.25148,0.2571
1521.02619,0.27167
1521.80091,0.28668
1522.57563,0.30208
1523.35035,0.31782
1524.12506,0.33385
1524.89978,0.35008
1525.6745,0.36646
1526.44921,0.38291
1527.22393,0.39933
1527.99865,0.41566
1528.77337,0.43181
1529.54808,0.44767
1530.3228,0.46316
1531.09752,0.47819
1531.87224,0.49267
1532.64695,0.50651
1533.42167,0.51961
1534.19639,0.53191
1534.97111,0.54331
1535.74582,0.55376
1536.52054,0.56317
1537.29526,0.5715
1538.06997,0.5787
1538.84469,0.58471
1539.61941,0.58952
1540.39413,0.5931
1541.16884,0.59543
1541.94356,0.59651
1542.71828,0.59635
1543.493,0.59495
1544.26771,0.59236
1545.04243,0.58859
1545.81715,0.58369
1546.59187,0.5777
1547.36658,0.57069
1548.1413,0.5627
1548.91602,0.5538
1549.69073,0.54406
1550.46545,0.53356
1551.24017,0.52236
1552.01489,0.51053
1552.7896,0.49816
1553.56432,0.48532
1554.33904,0.47208
1555.11376,0.45852
1555.88847,0.4447
1556.66319,0.43069
1557.43791,0.41656
1558.21263,0.40236
1558.98734,0.38816
1559.76206,0.37401
1560.53678,0.35996
1561.31149,0.34605
1562.08621,0.33233
1562.86093,0.31882
1563.63565,0.30558
1564.41036,0.29262
1565.18508,0.27998
1565.9598,0.26767
1566.73452,0.25572
1567.50923,0.24414
1568.28395,0.23295
1569.05867,0.22215
1569.83338,0.21177
1570.6081,0.20179
1571.38282,0.19224
1572.15754,0.18311
1572.93225,0.17441
1573.70697,0.16614
1574.48169,0.15829
1575.25641,0.15087
1576.03112,0.14387
1576.80584,0.1373
1577.58056,0.13115
1578.35528,0.12543
1579.12999,0.12012
1579.90471,0.11524
1580.67943,0.11077
1581.45414,0.10672
1582.22886,0.10309
1583.00358,0.09989
1583.7783,0.09712
1584.55301,0.09477
1585.32773,0.09286
1586.10245,0.09139
1586.87717,0.09038
1587.65188,0.08982
1588.4266,0.08974
1589.20132,0.09013
1589.97604,0.09102
1590.75075,0.09241
1591.52547,0.09431
1592.30019,0.09675
1593.0749,0.09972
1593.84962,0.10325
1594.62434,0.10734
1595.39906,0.112
1596.17377,0.11723
1596.94849,0.12304
1597.72321,0.12943
1598.49793,0.13639
1599.27264,0.14392
1600.04736,0.15201
1600.82208,0.16063
1601.5968,0.16977
1602.37151,0.17939
1603.14623,0.18947
1603.92095,0.19996
1604.69566,0.21081
1605.47038,0.22198
1606.2451,0.23341
1607.01982,0.24502
1607.79453,0.25676
1608.56925,0.26854
1609.34397,0.2803
1610.11869,0.29194
1610.8934,0.30339
1611.66812,0.31455
1612.44284,0.32534
1613.21756,0.33568
1613.99227,0.34548
1614.76699,0.35465
1615.54171,0.36312
1616.31642,0.37082
1617.09114,0.37766
1617.86586,0.3836
1618.64058,0.38857
1619.41529,0.39253
1620.19001,0.39545
1620.96473,0.39729
1621.73945,0.39803
1622.51416,0.39767
1623.28888,0.39621
1624.0636,0.39366
1624.83831,0.39004
1625.61303,0.38539
1626.38775,0.37975
1627.16247,0.37316
1627.93718,0.36569
1628.7119,0.3574
1629.48662,0.34835
1630.26134,0.33863
1631.03605,0.32832
1631.81077,0.31748
1632.58549,0.30622
1633.36021,0.29461
1634.13492,0.28274
1634.90964,0.27069
1635.68436,0.25854
1636.45907,0.24637
1637.23379,0.23426
1638.00851,0.22226
1638.78323,0.21045
1639.55794,0.19888
1640.33266,0.18761
1641.10738,0.17669
1641.8821,0.16614
1642.65681,0.15601
1643.43153,0.14633
1644.20625,0.13711
1644.98097,0.12837
1645.75568,0.12013
1646.5304,0.11238
1647.30512,0.10512
1648.07983,0.09836
1648.85455,0.09209
1649.62927,0.08628
1650.40399,0.08093
1651.1787,0.07603
1651.95342,0.07154
1652.72814,0.06746
1653.50286,0.06375
1654.27757,0.0604
1655.05229,0.05739
1655.82701,0.05468
1656.60173,0.05226
1657.37644,0.05011
1658.15116,0.0482
1658.92588,0.0465
1659.70059,0.04501
1660.47531,0.0437
1661.25003,0.04255
1662.02475,0.04155
1662.79946,0.04068
1663.57418,0.03992
1664.3489,0.03927
1665.12362,0.0387
1665.89833,0.03822
1666.67305,0.0378
1667.44777,0.03745
1668.22248,0.03714
1668.9972,0.03688
1669.77192,0.03666
1670.54664,0.03647
1671.32135,0.03631
1672.09607,0.03617
1672.87079,0.03606
1673.64551,0.03596
1674.42022,0.03587
1675.19494,0.0358
1675.96966,0.03574
1676.74438,0.03568
1677.51909,0.03564
1678.29381,0.0356
1679.06853,0.03556
1679.84324,0.03552
1680.61796,0.03549
1681.39268,0.03547
1682.1674,0.03544
1682.94211,0.03542
1683.71683,0.0354
1684.49155,0.03538
1685.26627,0.03536
1686.04098,0.03534
1686.8157,0.03532
1687.59042,0.0353
1688.36514,0.03529
1689.13985,0.03527
1689.91457,0.03525
1690.68929,0.03524
1691.464,0.03522
1692.23872,0.03521
1693.01344,0.03519
1693.78816,0.03518
1694.56287,0.03516
1695.33759,0.03515
1696.11231,0.03513
1696.88703,0.03512
1697.66174,0.0351
1698.43646,0.03509
1699.21118,0.03508
1699.9859,0.03506
1700.76061,0.03505
1701.53533,0.03504
1702.31005,0.03503
1703.08476,0.03501
1703.85948,0.035
1704.6342,0.03499
1705.40892,0.03498
1706.18363,0.03497
1706.95835,0.03496
1707.73307,0.03494
1708.50779,0.03493
1709.2825,0.03492
1710.05722,0.03491
1710.83194,0.0349
1711.60666,0.03489
1712.38137,0.03488
1713.15609,0.03487
1713.93081,0.03486
1714.70552,0.03485
1715.48024,0.03485
1716.25496,0.03484
1717.02968,0.03483
1717.80439,0.03482
1718.57911,0.03481
1719.35383,0.0348
1720.12855,0.0348
1720.90326,0.03479
1721.67798,0.03478
1722.4527,0.03477
1723.22741,0.03477
1724.00213,0.03476
1724.77685,0.03475
1725.55157,0.03475
1726.32628,0.03474
1727.101,0.03474
1727.87572,0.03473
1728.65044,0.03472
1729.42515,0.03472
1730.19987,0.03471
1730.97459,0.03471
1731.74931,0.03471
1732.52402,0.0347
1733.29874,0.0347
1734.07346,0.03469
1734.84817,0.03469
1735.62289,0.03469
1736.39761,0.03468
1737.17233,0.03468
1737.94704,0.03468
1738.72176,0.03468
1739.49648,0.03467
1740.2712,0.03467
1741.04591,0.03467
1741.82063,0.03467
1742.59535,0.03467
1743.37007,0.03467
1744.14478,0.03467
1744.9195,0.03467
1745.69422,0.03467
1746.46893,0.03467
1747.24365,0.03467
1748.01837,0.03467
1748.79309,0.03467
1749.5678,0.03468
1750.34252,0.03468
1751.11724,0.03469
1751.89196,0.03469
1752.66667,0.0347
1753.44139,0.03471
1754.21611,0.03473
1754.99083,0.03475
1755.76554,0.03477
1756.54026,0.03479
1757.31498,0.03482
1758.08969,0.03486
1758.86441,0.03491
1759.63913,0.03497
1760.41385,0.03504
1761.18856,0.03512
1761.96328,0.03522
1762.738,0.03534
1763.51272,0.03548
1764.28743,0.03564
1765.06215,0.03583
1765.83687,0.03605
1766.61158,0.03631
1767.3863,0.03661
1768.16102,0.03695
1768.93574,0.03734
1769.71045,0.03778
1770.48517,0.03828
1771.25989,0.03883
1772.03461,0.03945
1772.80932,0.04013
1773.58404,0.04088
1774.35876,0.04169
1775.13348,0.04258
1775.90819,0.04353
1776.68291,0.04454
1777.45763,0.04562
1778.23234,0.04676
1779.00706,0.04795
1779.78178,0.04918
1780.5565,0.05044
1781.33121,0.05173
1782.10593,0.05303
1782.88065,0.05434
1783.65537,0.05563
1784.43008,0.05689
1785.2048,0.05811
1785.97952,0.05927
1786.75424,0.06036
1787.52895,0.06136
1788.30367,0.06226
1789.07839,0.06305
1789.8531,0.06371
1790.62782,0.06424
1791.40254,0.06463
1792.17726,0.06488
1792.95197,0.06497
1793.72669,0.06491
1794.50141,0.0647
1795.27613,0.06434
1796.05084,0.06384
1796.82556,0.0632
1797.60028,0.06245
1798.375,0.06158
1799.14971,0.06061
1799.92443,0.05955
1800.69915,0.05842
1801.47386,0.05724
1802.24858,0.05601
1803.0233,0.05476
1803.79802,0.0535
1804.57273,0.05224
1805.34745,0.05101
1806.12217,0.04981
1806.89689,0.04867
1807.6716,0.04759
1808.44632,0.0466
1809.22104,0.04571
1809.99576,0.04494
1810.77047,0.04431
1811.54519,0.04386
1812.31991,0.0436
1813.09462,0.04356
1813.86934,0.0438
1814.64406,0.04434
1815.41878,0.04522
1816.19349,0.0465
1816.96821,0.0482
1817.74293,0.05039
1818.51765,0.05307
1819.29236,0.0563
1820.06708,0.06006
1820.8418,0.06436
1821.61651,0.06917
1822.39123,0.07444
1823.16595,0.08009
1823.94067,0.08603
1824.71538,0.09213
1825.4901,0.09825
1826.26482,0.10422
1827.03954,0.10987
1827.81425,0.11502
1828.58897,0.11951
1829.36369,0.12319
1830.13841,0.12592
1830.91312,0.12761
1831.68784,0.12819
1832.46256,0.12764
1833.23727,0.12599
1834.01199,0.12329
1834.78671,0.11964
1835.56143,0.11517
1836.33614,0.11003
1837.11086,0.10439
1837.88558,0.09842
1838.6603,0.09229
1839.43501,0.08616
1840.20973,0.08017
1840.98445,0.07445
1841.75917,0.06908
1842.53388,0.06415
1843.3086,0.05971
1844.08332,0.05576
1844.85803,0.05232
1845.63275,0.04937
1846.40747,0.04688
1847.18219,0.04482
1847.9569,0.04314
1848.73162,0.04179
1849.50634,0.04074
1850.28106,0.03992
1851.05577,0.03931
1851.83049,0.03887
1852.60521,0.03856
1853.37993,0.03837
1854.15464,0.03826
1854.92936,0.03822
1855.70408,0.03823
1856.47879,0.03829
1857.25351,0.03839
1858.02823,0.03851
1858.80295,0.03867
1859.57766,0.03885
1860.35238,0.03906
1861.1271,0.0393
1861.90182,0.03956
1862.67653,0.03986
1863.45125,0.04018
1864.22597,0.04054
1865.00068,0.04093
1865.7754,0.04136
1866.55012,0.04183
1867.32484,0.04235
1868.09955,0.04291
1868.87427,0.04353
1869.64899,0.0442
1870.42371,0.04493
1871.19842,0.04573
1871.97314,0.04659
1872.74786,0.04752
1873.52258,0.04853
1874.29729,0.04962
1875.07201,0.05079
1875.84673,0.05205
1876.62144,0.0534
1877.39616,0.05485
1878.17088,0.05639
1878.9456,0.05803
1879.72031,0.05978
1880.49503,0.06163
1881.26975,0.06359
1882.04447,0.06566
1882.81918,0.06785
1883.5939,0.07014
1884.36862,0.07254
1885.14334,0.07505
1885.91805,0.07767
1886.69277,0.0804
1887.46749,0.08323
1888.2422,0.08616
1889.01692,0.08918
1889.79164,0.09229
1890.56636,0.09548
1891.34107,0.09875
1892.11579,0.10208
1892.89051,0.10547
1893.66523,0.10891
1894.43994,0.11239
1895.21466,0.11589
1895.98938,0.1194
1896.7641,0.12291
1897.53881,0.12641
1898.31353,0.12989
1899.08825,0.13332
1899.86296,0.13669
1900.63768,0.14
1901.4124,0.14322
1902.18712,0.14634
1902.96183,0.14935
1903.73655,0.15223
1904.51127,0.15496
1905.28599,0.15754
1906.0607,0.15994
1906.83542,0.16217
1907.61014,0.1642
1908.38486,0.16602
1909.15957,0.16764
1909.93429,0.16902
1910.70901,0.17018
1911.48372,0.17111
1912.25844,0.17179
1913.03316,0.17223
1913.80788,0.17242
1914.58259,0.17236
1915.35731,0.17206
1916.13203,0.17152
1916.90675,0.17074
1917.68146,0.16972
1918.45618,0.16848
1919.2309,0.16702
1920.00561,0.16536
1920.78033,0.1635
1921.55505,0.16146
1922.32977,0.15926
1923.10448,0.15691
1923.8792,0.15444
1924.65392,0.15187
1925.42864,0.14922
1926.20335,0.14652
1926.97807,0.1438
1927.75279,0.14109
1928.52751,0.13843
1929.30222,0.13585
1930.07694,0.13338
1930.85166,0.13106
1931.62637,0.12893
1932.40109,0.12703
1933.17581,0.12537
1933.95053,0.12399
1934.72524,0.1229
1935.49996,0.12212
1936.27468,0.12166
1937.0494,0.12149
1937.82411,0.12161
1938.59883,0.12199
1939.37355,0.12258
1940.14827,0.12333
1940.92298,0.12418
1941.6977,0.12505
1942.47242,0.12588
1943.24713,0.12659
1944.02185,0.12709
1944.79657,0.12732
1945.57129,0.1272
1946.346,0.12669
1947.12072,0.12575
1947.89544,0.12434
1948.67016,0.12246
1949.44487,0.12012
1950.21959,0.11734
1950.99431,0.11416
1951.76903,0.11065
1952.54374,0.10687
1953.31846,0.10289
1954.09318,0.09881
1954.86789,0.0947
1955.64261,0.09066
1956.41733,0.08676
1957.19205,0.08308
1957.96676,0.07969
1958.74148,0.07664
1959.5162,0.07399
1960.29092,0.07177
1961.06563,0.07001
1961.84035,0.06871
1962.61507,0.06787
1963.38979,0.06749
1964.1645,0.06755
1964.93922,0.06801
1965.71394,0.06884
1966.48865,0.06998
1967.26337,0.07138
1968.03809,0.07299
1968.81281,0.07472
1969.58752,0.07653
1970.36224,0.07833
1971.13696,0.08007
1971.91168,0.08167
1972.68639,0.08307
1973.46111,0.08423
1974.23583,0.0851
1975.01054,0.08564
1975.78526,0.08584
1976.55998,0.08568
1977.3347,0.08517
1978.10941,0.08431
1978.88413,0.08314
1979.65885,0.08169
1980.43357,0.07999
1981.20828,0.0781
1981.983,0.07607
1982.75772,0.07393
1983.53244,0.07176
1984.30715,0.06958
1985.08187,0.06745
1985.85659,0.06541
1986.6313,0.06347
1987.40602,0.06167
1988.18074,0.06002
1988.95546,0.05854
1989.73017,0.05722
1990.50489,0.05608
1991.27961,0.05509
1992.05433,0.05425
1992.82904,0.05356
1993.60376,0.053
1994.37848,0.05255
1995.1532,0.0522
1995.92791,0.05194
1996.70263,0.05175
1997.47735,0.05162
1998.25206,0.05155
1999.02678,0.05152
1999.8015,0.05152
2000.57622,0.05155
2001.35093,0.0516
2002.12565,0.05167
2002.90037,0.05175
2003.67509,0.05184
2004.4498,0.05194
2005.22452,0.05204
2005.99924,0.05215
2006.77396,0.05226
2007.54867,0.05237
2008.32339,0.05248
2009.09811,0.0526
2009.87282,0.05272
2010.64754,0.05283
2011.42226,0.05295
2012.19698,0.05307
2012.97169,0.05319
2013.74641,0.05331
2014.52113,0.05343
2015.29585,0.05355
2016.07056,0.05368
2016.84528,0.0538
2017.62,0.05392
2018.39471,0.05404
2019.16943,0.05417
2019.94415,0.05429
2020.71887,0.05442
2021.49358,0.05454
2022.2683,0.05467
2023.04302,0.05479
2023.81774,0.05492
2024.59245,0.05505
2025.36717,0.05517
2026.14189,0.0553
2026.91661,0.05543
2027.69132,0.05556
2028.46604,0.05569
2029.24076,0.05582
2030.01547,0.05595
2030.79019,0.05608
2031.56491,0.05621
2032.33963,0.05634
2033.11434,0.05647
2033.88906,0.05661
2034.66378,0.05674
2035.4385,0.05687
2036.21321,0.05701
2036.98793,0.05714
2037.76265,0.05728
2038.53737,0.05741
2039.31208,0.05755
2040.0868,0.05768
2040.86152,0.05782
2041.63623,0.05796
2042.41095,0.05809
2043.18567,0.05823
2043.96039,0.05837
2044.7351,0.05851
2045.50982,0.05865
2046.28454,0.05879
2047.05926,0.05893
2047.83397,0.05907
2048.60869,0.05921
2049.38341,0.05935
2050.15813,0.0595
2050.93284,0.05964
2051.70756,0.05978
2052.48228,0.05993
2053.25699,0.06007
2054.03171,0.06022
2054.80643,0.06036
2055.58115,0.06051
2056.35586,0.06065
2057.13058,0.0608
2057.9053,0.06095
2058.68002,0.0611
2059.45473,0.06124
2060.22945,0.06139
2061.00417,0.06154
2061.77889,0.06169
2062.5536,0.06184
2063.32832,0.06199
2064.10304,0.06214
2064.87775,0.06229
2065.65247,0.06245
2066.42719,0.0626
2067.20191,0.06275
2067.97662,0.06291
2068.75134,0.06306
2069.52606,0.06321
2070.30078,0.06337
2071.07549,0.06353
2071.85021,0.06368
2072.62493,0.06384
2073.39964,0.064
2074.17436,0.06415
2074.94908,0.06431
2075.7238,0.06447
2076.49851,0.06463
2077.27323,0.06479
2078.04795,0.06495
2078.82267,0.06511
2079.59738,0.06527
2080.3721,0.06543
2081.14682,0.06559
2081.92154,0.06576
2082.69625,0.06592
2083.47097,0.06608
2084.24569,0.06625
2085.0204,0.06641
2085.79512,0.06657
2086.56984,0.06674
2087.34456,0.06691
2088.11927,0.06707
2088.89399,0.06724
2089.66871,0.06741
2090.44343,0.06758
2091.21814,0.06774
2091.99286,0.06791
2092.76758,0.06808
2093.5423,0.06825
2094.31701,0.06842
2095.09173,0.06859
2095.86645,0.06877
2096.64116,0.06894
2097.41588,0.06911
2098.1906,0.06928
2098.96532,0.06946
2099.74003,0.06963
2100.51475,0.06981
2101.28947,0.06998
2102.06419,0.07016
2102.8389,0.07033
2103.61362,0.07051
2104.38834,0.07069
2105.16306,0.07086
2105.93777,0.07104
2106.71249,0.07122
2107.48721,0.0714
2108.26192,0.07158
2109.03664,0.07176
2109.81136,0.07194
2110.58608,0.07212
2111.36079,0.0723
2112.13551,0.07249
2112.91023,0.07267
2113.68495,0.07285
2114.45966,0.07303
2115.23438,0.07322
2116.0091,0.0734
2116.78381,0.07359
2117.55853,0.07378
2118.33325,0.07396
2119.10797,0.07415
2119.88268,0.07434
2120.6574,0.07452
2121.43212,0.07471
2122.20684,0.0749
2122.98155,0.07509
2123.75627,0.07528
2124.53099,0.07547
2125.30571,0.07566
2126.08042,0.07585
2126.85514,0.07605
2127.62986,0.07624
2128.40457,0.07643
2129.17929,0.07663
2129.95401,0.07682
2130.72873,0.07701
2131.50344,0.07721
2132.27816,0.07741
2133.05288,0.0776
2133.8276,0.0778
2134.60231,0.078
2135.37703,0.07819
2136.15175,0.07839
2136.92647,0.07859
2137.70118,0.07879
2138.4759,0.07899
2139.25062,0.07919
2140.02533,0.07939
2140.80005,0.07959
2141.57477,0.0798
2142.34949,0.08
2143.1242,0.0802
2143.89892,0.08041
2144.67364,0.08061
2145.44836,0.08081
2146.22307,0.08102
2146.99779,0.08123
2147.77251,0.08143
2148.54723,0.08164
2149.32194,0.08185
2150.09666,0.08205
2150.87138,0.08226
2151.64609,0.08247
2152.42081,0.08268
2153.19553,0.08289
2153.97025,0.0831
2154.74496,0.08331
2155.51968,0.08353
2156.2944,0.08374
2157.06912,0.08395
2157.84383,0.08416
2158.61855,0.08438
2159.39327,0.08459
2160.16799,0.08481
2160.9427,0.08502
2161.71742,0.08524
2162.49214,0.08545
2163.26685,0.08567
2164.04157,0.08589
2164.81629,0.08611
2165.59101,0.08633
2166.36572,0.08655
2167.14044,0.08677
2167.91516,0.08699
2168.68988,0.08721
2169.46459,0.08743
2170.23931,0.08765
2171.01403,0.08787
2171.78874,0.0881
2172.56346,0.08832
2173.33818,0.08854
2174.1129,0.08877
2174.88761,0.08899
2175.66233,0.08922
2176.43705,0.08945
2177.21177,0.08967
2177.98648,0.0899
2178.7612,0.09013
2179.53592,0.09036
2180.31064,0.09058
2181.08535,0.09081
2181.86007,0.09104
2182.63479,0.09128
2183.4095,0.09151
2184.18422,0.09174
2184.95894,0.09197
2185.73366,0.0922
2186.50837,0.09244
2187.28309,0.09267
2188.05781,0.09291
2188.83253,0.09314
2189.60724,0.09338
2190.38196,0.09361
2191.15668,0.09385
2191.9314,0.09409
2192.70611,0.09432
2193.48083,0.09456
2194.25555,0.0948
2195.03026,0.09504
2195.80498,0.09528
2196.5797,0.09552
2197.35442,0.09576
2198.12913,0.096
2198.90385,0.09625
2199.67857,0.09649
2200.45329,0.09673
2201.228,0.09698
2202.00272,0.09722
2202.77744,0.09747
2203.55216,0.09771
2204.32687,0.09796
2205.10159,0.0982
2205.87631,0.09845
2206.65102,0.0987
2207.42574,0.09895
2208.20046,0.0992
2208.97518,0.09945
2209.74989,0.0997
2210.52461,0.09995
2211.29933,0.1002
2212.07405,0.10045
2212.84876,0.1007
2213.62348,0.10095
2214.3982,0.10121
2215.17291,0.10146
2215.94763,0.10171
2216.72235,0.10197
2217.49707,0.10223
2218.27178,0.10248
2219.0465,0.10274
2219.82122,0.103
2220.59594,0.10325
2221.37065,0.10351
2222.14537,0.10377
2222.92009,0.10403
2223.69481,0.10429
2224.46952,0.10455
2225.24424,0.10481
2226.01896,0.10507
2226.79367,0.10534
2227.56839,0.1056
2228.34311,0.10586
2229.11783,0.10613
2229.89254,0.10639
2230.66726,0.10666
2231.44198,0.10692
2232.2167,0.10719
2232.99141,0.10745
2233.76613,0.10772
2234.54085,0.10799
2235.31557,0.10826
2236.09028,0.10853
2236.865,0.1088
