1,Y
-0.00533,0.03138
-0.04296,-0.00874
0.00919,0.04092
0.06714,0.09623
-0.041,-0.01479
-0.03794,-0.01479
0.07989,0.09978
0.0322,0.04849
-0.04209,-0.02966
0.02582,0.03428
-0.03372,-0.02928
-0.02993,-0.02943
0.01862,0.01529
-0.11377,-0.12088
-0.09813,-0.10898
-0.02099,-0.03553
-0.04584,-0.06399
0.04159,0.01985
-0.03211,-0.05737
-0.0605,-0.08923
0.12476,0.0926
0.02127,-0.01427
0.04312,0.00427
-0.04789,-0.09002
0.01096,-0.0344
0.05554,0.00701
-0.02107,-0.07272
0.07847,0.02374
0.01981,-0.03795
0.04231,-0.01843
0.02565,-0.03802
0.18358,0.11703
0.06853,-8.53E-04
0.00534,-0.06683
0.12688,0.05197
4.73E-04,-0.07713
0.09345,0.0132
-0.04096,-0.12381
0.00149,-0.08392
0.10035,0.01244
0.13703,0.04666
0.10361,0.01083
0.08785,-0.00731
0.07847,-0.01902
0.00636,-0.09341
0.05653,-0.04548
0.0751,-0.0291
0.17314,0.06679
0.13017,0.02171
-8.76E-04,-0.11139
0.13302,0.02048
0.09018,-0.02433
0.07368,-0.04277
0.15699,0.03865
0.18533,0.06514
0.18083,0.05884
0.07073,-0.05302
0.10595,-0.01954
0.1481,0.02093
0.19045,0.06164
0.10014,-0.03028
0.12024,-0.01173
0.06359,-0.0699
0.05939,-0.07558
0.18775,0.05134
0.2235,0.08569
0.13463,-0.00455
0.2039,0.0634
0.16463,0.02285
0.10227,-0.04076
0.16707,0.02283
0.24258,0.09718
0.14428,-0.00226
0.24649,0.09886
-0.01682,-0.16552
0.20164,0.05193
0.1562,0.0055
0.13276,-0.01889
0.15836,0.0058
0.02786,-0.12558
0.1404,-0.01388
0.17765,0.02256
0.24923,0.09338
0.12385,-0.03275
0.10621,-0.05108
0.12626,-0.0317
0.21642,0.05784
0.17997,0.02077
0.12629,-0.03347
0.19272,0.03243
0.16693,0.00613
0.22246,0.0612
0.11733,-0.04436
0.14139,-0.0207
0.13769,-0.02477
0.07033,-0.09247
0.18181,0.01871
0.17987,0.01649
0.16394,3.23E-04
0.14901,-0.01482
0.07459,-0.08942
0.13759,-0.02658
0.14264,-0.02165
0.11369,-0.05069
0.15426,-0.01019
0.19001,0.02553
0.28366,0.11917
0.17549,0.01103
0.18068,0.01627
0.15963,-0.0047
0.04299,-0.12123
0.16241,-0.00168
0.16773,0.00381
0.31937,0.15563
0.15136,-0.01215
0.18232,0.01905
0.1608,-0.00219
0.08887,-0.07384
0.23459,0.07221
0.20954,0.04751
0.21163,0.04998
0.1038,-0.05746
0.24946,0.08863
0.07182,-0.08857
0.197,0.03708
0.29782,0.1384
0.09632,-0.06258
0.12257,-0.03578
0.16408,0.0063
0.12538,-0.03181
0.05861,-0.09797
0.16028,0.00433
0.08817,-0.06712
0.18453,0.02992
0.09582,-0.05809
0.2511,0.09793
0.10294,-0.04949
0.13132,-0.02035
0.20228,0.0514
0.0723,-0.07777
0.16361,0.01437
0.23098,0.08259
0.04597,-0.10156
0.15831,0.01167
0.16216,0.01642
0.19421,0.0494
0.06572,-0.07815
0.05948,-0.08343
0.1749,0.03298
0.15969,0.01876
0.15574,0.01583
0.16077,0.02189
0.09487,-0.04297
0.15143,0.01467
0.15419,0.01852
0.08944,-0.04513
0.25134,0.11788
0.16226,0.02994
0.05591,-0.07527
0.1715,0.04148
0.06725,-0.06158
0.17737,0.04973
0.19964,0.0732
0.07336,-0.05185
0.18484,0.06087
0.1488,0.02608
0.1734,0.05194
0.24002,0.11984
0.10338,-0.0155
0.06996,-0.04762
0.06007,-0.0562
0.0634,-0.05154
0.10873,-0.00487
0.13381,0.02155
0.12837,0.01748
0.16178,0.05226
0.10895,8.21E-04
0.19857,0.09184
0.08861,-0.01672
0.27578,0.17186
0.14201,0.03953
0.0469,-0.05416
0.03195,-0.06766
0.12863,0.03048
0.08256,-0.01412
0.14033,0.04511
0.12363,0.0299
0.08764,-0.0046
0.03725,-0.0535
-0.00647,-0.09571
0.05952,-0.02821
0.14032,0.05411
0.09821,0.01353
0.00445,-0.07871
0.09255,0.01094
0.10441,0.02435
0.02267,-0.05584
0.08667,0.00971
0.07908,0.00368
0.00162,-0.07221
0.09487,0.02261
0.10612,0.03543
0.13753,0.06843
0.1341,0.06658
-0.02111,-0.08704
0.00509,-0.05925
0.09529,0.03254
0.09361,0.03246
0.09209,0.03254
0.30137,0.24342
0.09241,0.03607
0.12648,0.07175
0.1134,0.06028
0.09268,0.04116
0.02998,-0.01992
0.09625,0.04795
-0.00215,-0.04883
0.03011,-0.01496
0.01279,-0.03067
0.04702,0.00517
0.18647,0.14624
-0.07936,-0.11798
0.08036,0.04336
-0.06649,-0.10189
0.00397,-0.02982
0.10099,0.0688
0.03463,0.00406
-0.03912,-0.06809
-0.01781,-0.04518
0.06872,0.04294
-0.02196,-0.04615
0.03627,0.01368
0.02389,0.00289
-0.02174,-0.04116
0.15331,0.13547
0.05633,0.04006
-0.11323,-0.12793
0.02493,0.0118
-0.03022,-0.04179
0.0639,0.05389
-0.04157,-0.05003
-2.77E-04,-0.0072
0.03735,0.03197
0.05862,0.05477
-0.07342,-0.07575
-0.02022,-0.02102
-0.03058,-0.02988
-0.04332,-0.04112
0.10804,0.11174
0.02063,0.02583
-0.08604,-0.07937
0.0502,0.05834
0.1249,0.1345
0.05468,0.06574
-0.1079,-0.0954
-0.04382,-0.02988
0.06553,0.0809
-0.06048,-0.0437
0.01105,0.02922
0.03076,0.05033
-0.07789,-0.05693
-0.02419,-1.85E-03
-0.22626,-0.20257
-0.08718,-0.06214
-0.03935,-0.01297
-0.1031,-0.0754
0.07809,0.10711
-0.11613,-0.08581
-0.0542,-0.02259
-0.01868,0.0142
0.06367,0.09781
-0.11846,-0.08307
0.04551,0.08213
-0.02747,0.01038
-0.09014,-0.05109
0.00119,0.04143
-0.01519,0.02623
-0.06532,-0.02274
-0.02248,0.02124
-0.05058,-0.00573
-0.01829,0.02767
0.01731,0.06436
0.07674,0.12488
-0.10047,-0.05127
0.11384,0.1641
-0.14278,-0.09151
-0.02744,0.02485
0.02102,0.07431
0.00343,0.05769
-0.05175,0.00347
-0.02356,0.0326
-0.03949,0.01758
-0.04346,0.01451
0.04961,0.10847
0.02067,0.0804
-0.04349,0.01707
0.05929,0.12068
0.02399,0.08618
0.05799,0.12096
0.04839,0.11212
-0.04189,0.02258
-0.02315,0.04204
0.06106,0.12694
0.05386,0.1204
0.01523,0.08244
0.02504,0.09287
0.0992,0.16764
-0.01827,0.05075
0.05408,0.12367
0.00688,0.07701
0.00582,0.07645
0.08864,0.15976
0.07077,0.14235
0.06915,0.14118
0.09914,0.17158
0.01663,0.08946
0.05681,0.13001
-0.00768,0.06586
0.03039,0.10424
-5.12E-04,0.07363
0.01146,0.08586
0.0404,0.11503
-0.05158,0.02326
0.12952,0.20454
-0.06913,0.00604
-0.08525,-0.00995
0.06162,0.13701
0.03541,0.11087
0.02176,0.09727
0.01898,0.0945
-0.02452,0.05098
-0.08341,-0.00796
-0.02485,0.05053
-0.07525,1.60E-05
0.02641,0.10155
-0.04712,0.02785
-0.09249,-0.01772
-0.06302,0.01153
-0.01887,0.05542
-0.08267,-0.00868
-0.10095,-0.02727
-0.03539,0.03793
-0.03695,0.03599
-0.08595,-1.34E-02
-0.085,-0.01293
-0.04175,0.02984
-0.14892,-0.07785
-0.14722,-0.0767
-0.10441,-0.03446
-0.07307,-0.00375
-0.04038,0.02829
0.03289,0.10088
-0.00632,0.06095
-0.07066,-4.15E-03
-0.06169,0.00404
-0.12365,-0.05875
-0.06119,0.00284
-0.07788,-0.01474
-0.03876,0.02345
-0.11085,-0.04962
-0.0251,0.03513
0.03967,0.09886
-0.06321,-0.00511
-0.03006,0.02693
-0.01085,0.04498
-0.07875,-0.02412
-0.03813,0.01528
-0.0503,0.00184
-0.04367,0.00715
-0.09736,-0.04788
-0.04559,0.0025
-0.01422,0.03244
0.04752,0.09271
0.01802,0.06171
0.09511,0.13724
-0.0877,-0.04715
0.01769,0.0566
-0.02399,0.01326
0.10472,0.14025
-0.08269,-0.0489
-0.08258,-0.05059
-0.06522,-0.03507
-0.15927,-0.13101
-0.05595,-0.0296
-0.06823,-0.04385
-0.00822,0.01415
0.00653,0.02684
0.10624,0.12446
0.05064,0.06672
-0.04285,-0.02896
-0.06017,-0.04837
0.03063,0.04045
-0.08078,-0.07296
0.12162,0.12733
0.08415,0.08741
-0.01586,-0.01537
-0.09017,-0.09249
0.1078,0.10287
0.01915,0.0118
0.10864,0.09906
-0.06631,-0.07795
5.00E-04,-0.01303
0.0426,0.02735
0.0491,0.03227
0.02153,0.00327
0.09312,0.07357
-0.00989,-0.03061
0.05233,0.03056
0.07266,0.04997
0.10129,0.07777
0.11746,0.09321
0.00512,-0.01976
-0.01709,-0.04252
0.16419,0.13829
0.10806,0.08175
0.04332,0.01665
0.19211,0.16514
0.10485,0.07762
0.17542,0.14798
0.10846,0.08083
0.2376,0.2098
0.22141,0.19344
0.09776,0.06964
0.17775,0.14948
0.15989,0.13145
0.20819,0.17956
0.06321,0.03438
0.16983,0.14075
0.19551,0.16613
0.01949,-0.01022
0.05767,0.02757
0.00522,-0.02534
0.11852,0.08742
0.18217,0.15047
0.23289,0.20048
0.14363,0.11042
0.24267,0.20856
0.05325,0.01812
0.03336,-0.00289
0.1379,0.10039
0.16599,0.12708
0.13989,0.09944
0.0115,-0.03064
0.13661,0.09263
0.05988,0.01392
0.18461,0.13655
0.16538,0.11514
0.0827,0.03021
0.10938,0.0546
0.07462,0.01753
0.13719,0.07779
0.201,0.13932
0.0778,0.01389
0.17125,0.10518
0.10513,0.03699
0.08766,0.01759
0.13002,0.05814
0.07029,-0.00323
0.09954,0.02457
0.05753,-0.01868
0.25594,0.17872
0.13251,0.05455
0.08443,0.006
0.1404,0.06181
0.11794,0.0395
0.10912,0.03121
0.15986,0.08283
0.16682,0.09107
0.08332,0.00927
0.07832,0.00642
0.09522,0.02592
-0.03487,-0.10107
0.01294,-0.04965
0.19341,0.13487
0.2098,0.15567
0.08953,0.04013
0.14183,0.09738
0.1261,0.08675
0.30301,0.26886
0.18241,0.15347
0.10802,0.08424
0.06146,0.04272
0.02742,0.01351
0.15019,0.14087
0.0992,0.09418
0.06784,0.06688
0.12842,0.13127
0.11313,0.11953
0.3006,0.3103
0.26228,0.27503
0.21836,0.23393
0.32404,0.34217
0.24614,0.26662
0.19631,0.21888
0.3549,0.37934
0.29889,0.32498
0.20355,0.23106
0.25924,0.28794
0.21603,0.24571
0.18198,0.21243
0.32387,0.35487
0.38016,0.4115
0.16368,0.19516
0.27875,0.31016
0.19211,0.22325
0.19166,0.22234
0.17373,0.20376
0.14511,0.17428
0.19137,0.21952
0.12476,0.15168
0.18386,0.20938
0.15384,0.17779
0.13304,0.15523
0.0829,0.10317
0.09694,0.11511
0.17531,0.19123
0.15447,0.16796
0.05732,0.06822
0.12255,0.13072
0.16183,0.16709
0.00777,0.00999
0.14717,0.1462
0.07117,0.06689
0.14978,0.14208
0.06662,0.05543
0.00222,-0.01251
0.01507,-0.00324
0.12274,0.10086
0.138,0.11256
0.06638,0.03742
0.16578,0.13339
0.02232,-0.01343
0.1249,0.08593
0.05424,0.01216
0.0911,0.0461
0.13667,0.08892
0.08052,0.03024
0.11162,0.05904
0.20034,0.14572
0.10098,0.0446
0.19068,0.13285
0.06674,0.0078
0.17162,0.11192
0.22905,0.16896
-0.0186,-0.07866
0.08659,0.02698
0.1726,0.11383
0.12237,0.06482
0.15762,0.10165
0.09494,0.04086
0.13749,0.08561
0.12115,0.07172
0.20379,0.15707
0.14523,0.10144
0.14978,0.1091
0.10189,0.0645
0.09676,0.0628
0.10013,0.06971
0.15253,0.12574
0.10143,0.07833
0.14704,0.12767
0.26086,0.24524
0.18608,0.17419
0.11207,0.10386
0.2105,0.2059
0.11107,0.11
0.01064,0.01298
0.07858,0.08418
0.02718,0.03589
0.1265,0.13819
0.15338,0.1679
0.26176,0.279
0.18021,0.20003
0.14945,0.1717
0.21941,0.24398
0.03095,0.05772
0.18907,0.21791
0.22626,0.25704
0.08728,0.1199
0.25587,0.29021
0.2076,0.24355
0.16224,0.19969
0.23037,0.26921
0.33536,0.3755
0.20447,0.24579
0.20931,0.25171
0.16479,0.20819
0.13985,0.18415
0.24525,0.29036
0.13747,0.18331
0.1944,0.24087
0.15756,0.20458
0.21543,0.26292
0.20326,0.25115
0.24437,0.29256
0.14285,0.1913
0.15397,0.20259
0.10483,0.15356
0.13402,0.18279
0.18113,0.22988
0.20017,0.24884
0.08901,0.13754
0.19709,0.24542
0.22265,0.27074
0.15799,0.20578
0.2454,0.29285
0.073,0.12006
0.03848,0.08511
1.61E-04,0.04633
0.20274,0.2484
0.1455,0.19062
0.0969,0.14145
0.11469,0.15865
0.02285,0.06618
0.24582,0.28852
0.09721,0.13923
0.09412,0.13547
0.13166,0.17233
0.11523,0.15519
0.09847,0.13773
0.03431,0.07286
0.11441,0.15225
0.20434,0.24147
0.17167,0.2081
0.18898,0.2247
0.05808,0.09312
0.03028,0.06466
0.08765,0.12137
0.10225,0.13534
0.1713,0.20379
-0.00104,0.03086
0.2065,0.23785
0.10406,0.13489
0.09145,0.12179
0.05901,0.08888
0.02304,0.05249
0.18434,0.21339
0.14173,0.17041
0.06038,0.08871
0.06481,0.09284
0.13009,0.15784
0.26133,0.28884
0.1439,0.1712
0.06957,0.09669
0.15305,0.18001
0.15511,0.18197
0.00546,0.03223
0.17561,0.20233
0.16729,0.19399
0.22837,0.25509
0.30333,0.33009
0.25942,0.28628
0.17258,0.19955
0.12058,0.1477
0.3536,0.38091
0.19486,0.22238
0.19171,0.21949
0.18863,0.2167
0.20163,0.23003
0.1786,0.20736
0.14976,0.17892
0.14945,0.17904
0.17968,0.20973
0.14493,0.1755
0.13157,0.16267
0.18054,0.21221
0.15482,0.18711
0.26301,0.29595
-0.00244,0.03119
0.23111,0.26546
0.23807,0.27319
0.02566,0.06156
0.1325,0.1692
0.1284,0.16591
0.0609,0.09923
0.09894,0.1381
0.07646,0.11643
0.25622,0.29698
0.20383,0.24538
0.22461,0.2669
0.18973,0.23276
0.07301,0.11672
0.11171,0.15604
0.17655,0.22147
0.06944,0.11489
0.19294,0.23885
0.13411,0.18042
0.12714,0.17377
0.19734,0.24419
0.18212,0.22912
0.13282,0.17987
0.23039,0.27739
0.09021,0.13704
0.19861,0.24517
0.19813,0.24428
0.14178,0.1874
0.18232,0.22729
0.08271,0.12688
0.21982,0.26304
0.14907,0.19119
0.12666,0.16751
0.22451,0.26395
0.11192,0.14976
0.06526,0.10132
0.05339,0.08749
0.18724,0.21919
0.065,0.0946
0.2535,0.28054
0.00767,0.03195
0.24285,0.26415
0.14539,0.16351
0.12231,0.13707
0.09036,0.10157
0.14643,0.15393
0.11533,0.11899
0.18406,0.18373
0.11836,0.11394
0.11763,0.10902
0.08238,0.06948
0.09923,0.08196
0.12002,0.09833
-0.00943,-0.03559
0.01177,-0.01889
0.14256,0.10738
0.10536,0.06567
0.08221,0.03801
0.09457,0.04589
0.11523,0.0621
0.05931,0.00179
0.04464,-0.0172
0.10683,0.04074
0.03349,-0.03674
0.12213,0.04787
-0.01005,-0.08821
0.16388,0.08194
0.13013,0.04459
0.11793,0.02895
0.16537,0.07312
0.21004,0.11472
0.17041,0.07223
-0.00855,-0.10936
0.02827,-0.07493
0.07091,-0.03446
0.1132,0.00589
0.14531,0.03628
0.06771,-0.04285
0.12619,0.0143
0.0674,-0.04563
0.07711,-0.03689
0.02737,-0.08742
0.0583,-0.05713
0.03151,-0.0844
0.05543,-0.06083
0.18373,0.06726
0.05714,-0.0594
0.28331,0.16681
0.14796,0.0316
0.12817,0.01205
0.06187,-0.05391
0.1599,0.04454
0.07878,-0.0361
0.12229,0.00796
0.27571,0.16199
0.10723,-0.00583
0.18521,0.07284
0.06745,-0.04419
0.10893,-0.00196
0.22227,0.11213
0.07002,-0.03935
0.22341,0.11479
0.15288,0.04501
0.07192,-0.03524
0.14675,0.04029
0.16761,0.0618
0.14487,0.03966
0.00585,-0.09883
0.05866,-0.04554
0.08857,-0.01522
0.09916,-0.00426
0.14279,0.03969
0.11454,0.01172
0.01872,-0.08385
0.12691,0.02456
0.14127,0.03914
0.1379,0.03596
0.17064,0.0689
0.15487,0.05332
0.13101,0.02967
0.09737,-0.00374
-0.00337,-0.10423
0.12846,0.02788
0.11414,0.01387
0.11786,0.01794
0.0197,-0.07987
0.03169,-0.06748
0.16614,0.06738
0.0967,-1.63E-03
0.14182,0.04394
0.10012,0.00269
0.09974,0.00279
0.15668,0.06021
0.06431,-0.03165
0.1025,0.00703
0.06672,-0.02824
0.06797,-0.02647
0.07539,-0.01854
0.10846,0.01504
0.06367,-0.02925
0.17277,0.08034
0.03641,-0.05551
0.08065,-0.01079
0.0642,-0.02677
0.18294,0.09243
0.10349,0.01342
0.15583,0.06619
-0.00362,-0.09286
0.10671,0.01786
0.14568,0.05718
0.09433,0.00617
0.15612,0.06827
0.05584,-0.03174
0.17731,0.08997
0.23328,0.14616
0.06492,-0.02203
0.05955,-0.02727
0.17941,0.09269
0.18732,0.10065
0.05445,-0.03221
0.06096,-0.02574
0.06978,-0.017
0.00276,-0.08416
0.02983,-0.05728
0.02466,-0.06269
0.03986,-0.04777
0.08648,-1.46E-03
0.10381,0.01552
0.18734,0.09867
0.02668,-0.06238
0.15236,0.06289
0.07707,-0.01281
0.08789,-0.00242
0.13409,0.04336
0.02094,-0.0702
0.11646,0.02492
0.10324,0.0113
0.12423,0.03193
0.11177,0.01913
0.24899,0.15606
0.0539,-0.0393
0.06094,-0.03249
0.05537,-0.03823
0.05987,-0.03385
0.05487,-0.03891
0.17039,0.07661
0.18509,0.09139
0.05931,-0.03424
0.04273,-0.05058
0.125,0.032
0.06015,-0.03242
0.13479,0.04273
0.10731,0.01586
-0.00167,-0.0924
0.19141,0.1015
0.20657,0.11762
0.05376,-0.03413
0.0673,-0.01942
0.10909,0.02367
0.11133,0.02733
0.13091,0.04845
0.21535,0.13454
0.07616,-0.00289
0.03582,-0.04133
-0.00202,-0.07715
0.03777,-0.03523
0.08063,0.00989
0.19485,0.12647
0.04746,-0.01842
0.093,0.0297
0.0765,0.01588
0.1513,0.09346
0.23455,0.17958
0.04004,-0.01196
0.04137,-0.00759
0.137,0.09116
0.11289,0.07024
0.1853,0.14592
0.10438,0.06832
0.04372,0.01104
0.10272,0.07348
0.13451,0.10877
0.11542,0.09322
0.09485,0.07623
0.1295,0.11448
0.13537,0.12401
0.14831,0.14062
0.10156,0.09757
0.04971,0.04943
0.06934,0.0728
0.13623,0.14343
0.00842,0.01938
0.08349,0.09818
0.03562,0.05406
0.0627,0.08488
0.14219,0.16808
0.07415,0.10375
0.0658,0.09908
-0.02213,0.01481
0.112,0.15257
0.10681,0.15097
0.20402,0.25174
0.04937,0.10058
0.08424,0.13892
0.08787,0.14595
0.17363,0.23506
0.06991,0.13462
0.09567,0.16359
0.11869,0.18975
0.09442,0.16855
0.0569,0.13402
0.09996,0.17997
0.15824,0.24107
0.02837,0.11391
0.10455,0.19271
0.05494,0.14562
0.1778,0.27088
0.00926,0.10463
0.07348,0.17104
0.13598,0.23561
0.21443,0.31606
0.11473,0.21832
0.08712,0.19261
0.24431,0.35169
0.0371,0.14639
-0.00732,0.10389
0.16223,0.27542
0.10536,0.22057
0.07502,0.19229
0.18655,0.30594
0.15924,0.28078
0.11001,0.23376
0.06633,0.19235
0.20369,0.33201
0.19074,0.32143
0.14423,0.27733
0.26775,0.40332
0.08381,0.22189
0.05511,0.19577
0.1076,0.25089
0.14802,0.29398
0.16561,0.3143
0.13408,0.28558
0.17043,0.32478
0.06776,0.22502
0.2365,0.39672
0.13833,0.30158
0.21216,0.37849
0.16109,0.33057
0.16598,0.33868
0.17065,0.34662
0.1603,0.3396
0.16982,0.35251
0.21024,0.39639
0.13555,0.32523
0.16464,0.3579
0.1107,0.30761
0.20369,0.40434
0.06611,0.27055
0.21856,0.42684
0.09793,0.31013
0.00551,0.22171
0.09919,0.31945
0.04299,0.2674
0.13377,0.36238
0.03378,0.26667
0.04088,0.27812
-0.05654,0.18513
0.02777,0.27393
-0.10358,0.14716
-0.05754,0.19785
0.0836,0.34343
0.07874,0.34238
0.05026,0.31688
-0.04265,0.22611
0.01118,0.28136
0.01041,0.28135
-0.06542,0.20567
0.10053,0.37122
0.05952,0.32918
-0.01072,0.25746
0.00442,0.271
0.01538,0.28056
-0.12756,0.13672
-0.01559,0.24866
-0.04513,0.21998
-0.06805,0.19879
-0.02577,0.24352
0.10211,0.37423
0.0257,0.30065
-0.05398,0.22368
0.0154,0.2956
0.06514,0.34748
0.03311,0.31708
-0.02317,0.26189
-0.06921,0.21655
0.01452,0.30059
-0.00576,0.28014
0.02518,0.31029
0.00836,0.29194
0.0345,0.31579
-0.0653,0.21289
0.05236,0.3267
-0.01742,0.25224
0.10251,0.36666
-0.07051,0.1873
0.08446,0.33534
-0.01093,0.23251
-0.06303,0.17277
-0.05134,0.17687
-0.04044,0.18034
0.00673,0.22019
0.01286,0.21895
-0.0566,0.14196
-0.02197,0.1688
0.11521,0.29768
0.09007,0.26341
0.01035,0.17375
-0.01233,0.14055
-0.00426,0.1378
0.03002,0.1612
-0.07023,0.05025
-0.01894,0.09129
-0.10547,-0.00489
0.02748,0.11906
0.04538,0.12841
-0.02369,0.05109
0.10878,0.17561
-0.06535,-0.00629
-0.07758,-0.02586
0.03203,0.07685
0.08698,0.12538
0.13021,0.16269
-0.00215,0.02497
0.098,0.12033
0.03039,0.04855
0.02483,0.03948
0.09441,0.10622
0.08253,0.09221
-0.05568,-0.04737
0.13966,0.14737
0.13581,0.14376
0.01113,0.02016
0.07745,0.08843
0.08516,0.09903
0.07162,0.08932
0.02124,0.04376
0.01405,0.04241
0.05494,0.0902
0.13025,0.17349
0.08963,0.14198
0.03044,0.09305
0.10061,0.17467
-0.13077,-0.04403
0.11844,0.2191
-0.06782,0.04772
0.01501,0.14636
-0.03732,0.1106
-0.05306,0.11205
0.09738,0.28006
-0.00987,0.19037
0.03758,0.25526
0.00922,0.24406
0.03927,0.29094
0.01133,0.27947
-0.077,0.20737
0.06464,0.36507
-0.03181,0.28442
-0.10138,0.23051
-0.0327,0.31467
0.08656,0.44895
0.04313,0.41973
-0.03461,0.35524
-0.03638,0.36575
-0.03606,0.37727
0.11446,0.53771
0.00703,0.43862
0.01033,0.44865
0.04904,0.49252
2.53E-04,0.44739
-0.02978,0.41966
-0.02439,0.42619
-0.01521,0.43547
-0.0119,0.43785
0.03739,0.48518
-0.00445,0.44032
0.03923,0.47999
-0.01166,0.42413
-0.0014,0.42863
-0.13281,0.29079
0.05068,0.46731
0.01387,0.42275
0.05423,0.45449
-0.19246,0.19823
0.12195,0.50222
-0.01921,0.34986
0.05936,0.41655
-0.07648,0.26822
0.02794,0.35964
-0.0772,0.24104
-0.04979,0.25467
0.11096,0.40136
-0.0215,0.25465
0.00494,0.26675
0.04692,0.29437
0.0241,0.25726
0.0032,0.22221
0.0177,0.22282
0.14744,0.33898
-0.00713,0.17123
0.01006,0.17573
0.06444,0.218
0.06844,0.21053
0.07387,0.20525
0.0392,0.16069
-0.07378,0.03871
0.10077,0.20528
-0.07627,0.02132
0.01324,0.10508
-0.05607,0.03105
-0.01544,0.06793
0.00621,0.08653
0.00264,0.08036
0.0062,0.08152
0.07925,0.15209
0.00448,0.07451
-0.04031,0.02659
0.03611,0.09954
0.0513,0.1108
-0.09957,-0.0445
0.01833,0.0686
0.02838,0.07332
-0.03026,0.00873
0.08092,0.11329
-0.00893,0.01607
0.016,0.03296
0.00553,0.01388
0.02657,0.02586
-0.03396,-0.04402
-0.04559,-0.0651
0.15646,0.12753
0.01277,-0.02554
0.01444,-0.03322
-4.80E-02,-0.10492
0.05897,-0.00728
0.02723,-0.04826
0.22628,0.14158
0.19828,0.1044
0.10317,1.62E-04
0.30137,0.18925
0.23374,0.11255
0.16407,0.03385
0.03981,-0.09942
0.35583,0.20764
0.1369,-0.02022
0.13458,-0.03143
0.31723,0.14238
0.4211,0.23743
0.36897,0.17652
0.33192,0.13073
0.34888,0.13899
0.38044,0.16187
0.38988,0.16268
0.37529,0.13951
0.37988,0.13553
0.38525,0.1324
0.35762,0.09628
0.40367,0.1339
0.33066,0.05249
0.4477,0.16116
0.40774,0.11288
0.41677,0.11363
0.51411,0.20273
0.60685,0.28727
0.59297,0.26522
0.45162,0.11575
0.50402,0.16007
0.64147,0.28948
0.53517,0.17517
0.59795,0.23
0.66147,0.2856
0.57973,0.19598
0.66136,0.26978
0.58378,0.18441
0.64297,0.23584
0.71358,0.29874
0.60463,0.18212
0.74448,0.31434
0.72623,0.28852
0.77266,0.32741
0.76162,0.30887
0.84281,0.38261
0.77312,0.30551
0.74612,0.27115
0.78846,0.30617
0.822,0.33244
0.79718,0.30039
0.80258,0.29859
0.76109,0.24996
0.76854,0.25031
0.72634,0.20106
0.92965,0.39736
0.74428,0.20502
0.7825,0.23633
0.78398,0.23094
0.88873,0.32887
0.81613,0.24949
0.91595,0.34257
0.79672,0.21666
0.8589,0.27221
0.79038,0.19709
0.98046,0.38063
0.7716,0.16527
0.86787,0.2551
0.88997,0.27079
0.87769,0.25216
0.84149,0.20966
0.84667,0.20859
0.85938,0.21509
0.84913,0.19868
0.92121,0.26465
1.00194,0.33932
0.82913,0.1605
0.77999,0.1054
0.86326,0.18275
1.03425,0.34789
0.82302,0.13084
0.98004,0.2821
0.98528,0.28163
0.84723,0.13792
0.92123,0.20632
0.99135,0.27088
0.86785,0.14187
0.88239,0.15096
0.86208,0.12525
0.83843,0.09625
0.86535,0.11788
0.83299,0.08027
0.91654,0.15862
0.86992,0.10686
0.93762,0.16948
0.82894,0.05577
0.95264,0.17449
0.98899,0.2059
0.81504,0.02708
0.9694,0.17662
1.02817,0.23063
0.87909,0.07682
1.06615,0.25924
0.99198,0.18046
0.92604,0.10998
0.97217,0.15162
1.0161,0.19111
0.99079,0.16141
1.02518,0.19149
0.93813,0.10016
1.01214,0.16996
0.91722,0.07088
1.00458,0.15414
0.95951,0.10502
0.97509,0.11662
1.10451,0.24211
1.10011,0.23384
1.0743,0.20421
0.97131,0.09746
1.02469,0.14715
1.12556,0.24437
1.0619,0.17712
1.20335,0.31505
1.08533,0.19356
1.07608,0.1809
1.04766,0.14914
1.07864,0.17683
1.06335,0.15831
1.12027,0.21205
1.13825,0.22693
1.03018,0.1158
0.9975,0.08013
0.96711,0.04681
1.11645,0.19328
1.01562,0.08964
0.95003,0.0213
1.11107,0.17965
1.24423,0.31019
1.0863,0.14969
1.13938,0.20027
1.09106,0.14951
1.07891,0.13497
1.14228,0.19603
1.06474,0.11624
1.09865,0.14795
1.10058,0.14777
1.03641,0.08152
1.13952,0.18264
1.06392,0.10509
1.02524,0.06454
1.10483,0.14232
1.01207,0.0478
1.06849,0.10255
1.06401,0.09644
1.1311,0.16198
1.09044,0.11984
1.05693,0.0849
1.10835,0.13497
1.14286,0.16818
1.08881,0.11289
1.05299,0.07592
0.9685,-0.00966
0.98346,0.00427
1.0312,0.05105
1.01212,0.03107
1.03942,0.05754
1.05593,0.07328
1.08748,0.10414
1.05182,0.06785
1.08991,0.10538
1.06682,0.08179
0.94221,-0.04323
1.01271,0.0269
1.06874,0.08265
1.00798,0.02166
1.12964,0.14317
1.19654,0.20999
1.18566,0.19909
1.1047,0.11819
1.22255,0.23618
1.14852,0.16234
1.12911,0.14318
1.12332,0.13774
1.15493,0.16976
1.16167,0.17697
1.20915,0.225
1.22062,0.23708
1.22251,0.23966
1.26136,0.27927
1.31986,0.33861
1.31482,0.33446
1.17035,0.19097
1.11118,0.13284
1.33883,0.36162
1.1995,0.22348
1.27644,0.30168
1.22015,0.24673
1.18228,0.21027
1.33101,0.36048
1.34405,0.37508
1.25762,0.29028
1.12703,0.16139
1.25174,0.28788
1.30548,0.34348
1.18084,0.22076
1.27867,0.32059
1.25833,0.30232
1.28771,0.33385
1.25026,0.29864
1.17279,0.22346
1.3016,0.35465
1.20805,0.26355
1.20893,0.26697
1.14495,0.20559
1.16997,0.23328
1.13708,0.20315
1.17807,0.24697
1.29426,0.36608
1.09771,0.17251
1.08186,0.15973
1.27735,0.35836
1.1729,0.25714
1.14664,0.23417
1.25841,0.34931
1.15913,0.25349
1.31824,0.41613
1.25184,0.35334
1.18481,0.29001
1.35894,0.4679
1.19159,0.3044
1.284,0.40075
1.26319,0.38394
1.33343,0.45827
1.35637,0.48537
1.26572,0.39897
1.22145,0.35903
1.30272,0.44471
1.23463,0.38111
1.40755,0.5586
1.29092,0.44662
1.26019,0.42062
1.29493,0.46018
1.19717,0.36732
1.21896,0.39408
1.35335,0.53353
1.23229,0.41761
1.20315,0.3937
1.29796,0.49382
1.3331,0.53434
1.29718,0.50389
1.30779,0.52007
1.18977,0.40769
1.14018,0.36382
1.31711,0.54656
1.19397,0.4293
1.19056,0.43188
1.28239,0.52977
1.22575,0.47927
1.21167,0.47142
1.31207,0.57814
1.12723,0.39969
1.21932,0.49827
1.15732,0.44285
1.16394,0.45612
1.237,0.53592
1.16618,0.47193
1.16193,0.4746
1.18966,0.50933
1.09293,0.41969
1.05714,0.39108
1.03835,0.37955
0.97431,0.32286
1.22258,0.57857
1.01696,0.38048
1.06651,0.43764
1.0566,0.43543
1.08682,0.47344
1.1119,0.5064
1.1073,0.50977
1.0082,0.41872
1.02607,0.44474
1.04551,0.47241
1.00236,0.43759
1.10937,0.55301
1.02786,0.48001
1.03156,0.4923
1.01451,0.48394
1.03347,0.51167
0.95662,0.44369
0.84826,0.34429
0.9396,0.44467
0.8565,0.37072
0.84672,0.37016
0.8988,0.43157
0.92083,0.46301
0.82402,0.3757
0.82156,0.38284
0.8883,0.45927
0.77405,0.3548
0.90074,0.49138
0.74916,0.34975
0.57883,0.18948
0.71399,0.33481
0.66653,0.29759
0.69981,0.34121
0.63662,0.28846
0.56108,0.22345
0.46825,0.14125
0.50828,0.19199
0.44381,0.13833
0.43714,0.14258
0.48757,0.20401
0.53277,0.26031
0.42945,0.16819
0.3066,0.05662
0.38831,0.14972
0.41433,0.18722
0.27916,0.06363
0.28863,0.08478
0.27791,0.08583
0.20772,0.02751
0.27905,0.1108
0.21166,0.05548
0.22745,0.08343
0.12689,-0.00487
0.13773,0.01832
0.19376,0.0868
0.10763,0.01323
0.22369,0.14193
0.07298,0.00398
0.09632,0.04017
0.12518,0.08196
-0.03904,-0.0692
-0.07619,-0.09321
-0.07668,-0.08045
0.08445,0.09381
-0.04449,-0.0225
0.13858,0.1725
-0.07095,-0.02611
-0.03481,0.02003
0.04099,0.10476
0.06172,0.13316
0.05811,0.13585
-0.00149,0.08124
-0.01765,0.06896
-0.04848,0.04115
-0.0395,0.05241
-0.12554,-0.03202
-0.14374,-0.04926
-0.09293,0.00191
-0.10352,-0.00891
-0.12089,-0.02705
-0.0472,0.04539
-0.02929,0.06157
-0.08204,0.00665
0.00815,0.09427
-0.15451,-0.07132
-0.09145,-0.01151
-0.12102,-0.04463
-0.18992,-0.11733
-0.07324,-0.00467
-0.07153,-0.00717
0.03612,0.09612
-0.01517,0.04037
-0.11518,-0.06419
0.07129,0.11768
0.03592,0.07772
1.77E-04,0.0374
-0.04634,-0.01363
-0.08816,-0.05986
-0.04668,-0.02266
0.04985,0.06976
0.10417,0.12018
0.08643,0.09877
-0.03839,-0.02944
-0.07495,-0.06907
0.00766,0.01081
-0.11035,-0.10954
0.02406,0.02294
-0.00384,-0.00644
-0.02255,-0.02614
-0.09292,-0.09698
0.04072,0.03677
-0.02546,-0.02873
-0.06635,-0.0683
-0.17512,-0.17507
0.0028,0.00553
0.11455,0.12023
0.10584,0.11432
-0.02928,-0.0183
-0.03948,-0.0261
0.02736,0.04311
-0.06594,-0.04788
0.01578,0.03617
0.04503,0.06761
0.07448,0.09906
-0.00862,0.01779
-0.01422,0.0141
-0.05589,-0.02536
-0.05189,-0.01868
-0.01336,0.02302
0.02473,0.06468
0.05996,0.10372
-0.04755,1.84E-04
0.09865,0.15059
-0.01138,0.04496
0.00587,0.06703
-0.03862,0.02796
-0.14349,-0.0707
0.06627,0.14618
0.05764,0.14529
-0.00595,0.08993
0.01682,0.12149
0.04597,0.16001
-0.08463,0.03944
-0.01889,0.11607
0.06494,0.21161
-0.06446,0.09469
0.0331,0.20557
-0.07162,0.11493
0.04283,0.24425
0.01026,0.22714
-0.09048,0.1424
0.08411,0.33348
-0.03681,0.22927
-0.04238,0.24056
0.02089,0.3207
0.08062,0.39702
-0.05577,0.27677
0.01312,0.36131
0.03766,0.40088
0.05624,0.43377
0.02593,0.41704
-0.00585,0.39823
-0.03246,0.38421
0.02738,0.45646
-0.04424,0.39716
-0.16037,0.29348
0.05153,0.51797
0.08011,0.55895
-0.12778,0.36304
-0.04436,0.45798
0.05619,0.56928
0.14485,0.6674
0.01436,0.54476
-0.03442,0.50231
-0.00125,0.54037
0.09607,0.64117
-0.03254,0.51461
-0.04325,0.50482
-0.02455,0.52345
-0.05585,0.49117
0.0103,0.55542
0.1033,0.64547
0.01928,0.55728
-0.01884,0.51396
-0.02322,0.50351
-0.10566,0.41433
0.04655,0.5592
-0.01648,0.48802
-0.0251,0.47038
0.18625,0.67173
0.00221,0.47654
-0.06496,0.39736
-0.04508,0.40472
0.05379,0.49071
-0.01217,0.41153
-0.11078,0.29953
0.0375,0.43439
-0.06336,0.31994
0.09688,0.46635
0.04693,0.40212
-0.04886,0.29161
0.06144,0.38694
-0.01368,0.29661
0.0377,0.33273
0.01638,0.29628
-0.06587,0.19926
-0.05157,0.19947
0.05517,0.29293
-0.03047,0.1948
-0.0348,0.17891
-0.07021,0.13291
0.01578,0.20925
0.11791,0.30246
-0.08138,0.09476
-0.01417,0.15423
0.07161,0.23284
-0.02458,0.12992
0.00702,0.1553
-0.09078,0.05178
0.0012,0.13858
-0.03977,0.09274
0.03259,0.16031
0.04425,0.16694
0.13268,0.24984
0.00654,0.11758
-0.00785,0.0967
-0.01397,0.08397
-0.04608,0.04536
2.24E-04,0.08547
-0.03717,0.04226
-0.00522,0.06882
0.07002,0.13912
-0.07411,-0.00959
0.06413,0.12458
0.07796,0.13481
-0.01022,0.0436
-0.13476,-0.08304
-0.03777,0.01305
0.08326,0.13432
6.70E-05,0.05236
-0.06196,-0.00741
-0.03161,0.02632
0.05203,0.11432
0.03185,0.09932
-0.01959,0.0538
-0.0297,0.05042
-0.0335,0.05411
-0.06934,0.02643
0.08878,0.19319
-0.03541,0.07777
0.0607,0.18259
0.07957,0.20994
0.04703,0.18554
-0.0421,0.10437
0.01227,0.16681
-0.01296,0.14988
-0.06676,0.10483
0.01236,0.19331
-0.08135,0.10953
0.06913,0.27052
-0.03452,0.17778
0.00806,0.23161
0.01357,0.24861
-0.02055,0.22614
0.0328,0.29125
-0.03452,0.23566
0.05004,0.3319
-0.09076,0.20263
0.00124,0.30603
0.11456,0.43038
-0.07239,0.25388
-0.05345,0.28276
0.02023,0.36578
-0.00249,0.35153
0.00688,0.3683
0.01449,0.38206
0.02299,0.39524
0.05286,0.4282
0.0091,0.38586
-0.03104,0.3455
0.02814,0.4029
0.10758,0.47902
-0.01855,0.34808
-0.06941,0.2913
0.06422,0.41819
-0.01153,0.33502
-0.13996,0.1988
0.05132,0.38217
-0.03618,0.28655
-0.00876,0.30563
0.01683,0.32264
0.00656,0.30342
0.03789,0.32539
-0.0359,0.24182
0.0226,0.29017
-0.02754,0.22951
0.03439,0.28057
0.02572,0.26065
-0.07283,0.15052
0.05458,0.26615
-0.04781,0.15171
0.03757,0.22483
0.01068,0.18545
0.10507,0.26714
-0.02325,0.12598
-0.02913,0.10751
-0.00632,0.11825
-0.02259,0.09067
0.04829,0.15117
-0.10381,-0.01021
-0.06856,0.01713
-0.07061,0.00852
0.05508,0.12878
0.10101,0.17009
-0.01582,0.04916
-0.02216,0.03931
-0.00946,0.04908
0.05708,0.11318
-0.07737,-2.33E-02
-0.00625,0.04631
0.03781,0.08918
0.00555,0.0559
-0.01621,0.03323
0.03321,0.08182
-0.20237,-0.15462
0.01,0.05687
-0.07515,-0.02917
-0.15025,-0.10518
-0.00282,0.04131
0.05133,0.09452
-0.0443,-0.00208
0.02459,0.06582
0.06641,0.10664
0.0479,0.08711
0.06885,0.10703
0.01262,0.04975
-0.02889,0.00717
-0.13419,-0.09921
-0.04775,-0.01388
-0.08466,-0.0519
0.10667,0.1383
-0.04066,-0.01017
-0.02078,0.00855
0.00731,0.03547
-0.02372,0.00327
0.08172,0.10752
-0.06359,-0.039
-0.01081,0.01257
-0.06883,-0.04669
-0.10412,-0.08322
-0.05817,-0.03851
-0.02061,-0.00222
-0.04415,-0.02702
-0.05951,-0.04368
-0.10335,-0.0888
-0.01846,-0.00521
-0.10697,-0.09503
0.03742,0.04804
-0.00406,0.00523
-0.10003,-0.09207
-0.02614,-0.01952
-0.05278,-0.04751
0.01625,0.02018
0.08214,0.0847
-0.11967,-0.11848
0.00723,0.00728
-0.00912,-0.01012
0.04441,0.04242
0.01655,0.01348
-0.0433,-0.04751
-0.01481,-0.02015
-0.04376,-0.05029
0.07587,0.06798
0.01095,1.35E-03
0.13183,0.12012
0.01033,-0.00383
-0.02813,-0.04476
-0.07696,-0.09564
-0.09392,-0.11392
-0.0796,-0.10009
0.03712,0.01688
0.05179,0.03214
-0.08097,-0.0999
0.07476,0.05655
-0.01271,-0.03052
0.02713,0.00928
0.12038,0.10186
0.07654,0.05666
0.00473,-0.01697
-0.03278,-0.05631
-0.11103,-0.13595
-0.01991,-0.04544
0.01193,-0.01334
-0.03825,-0.06237
0.01376,-0.00829
0.02397,0.00486
0.00112,-0.01421
-0.03043,-0.04107
0.01566,0.01066
0.02639,0.02792
-0.07787,-0.06889
0.07171,0.08914
-0.03298,-0.00623
-0.03561,1.19E-03
-0.00272,0.04475
-0.04387,0.01474
-0.00986,0.06022
-0.06364,0.01814
-0.13225,-0.03869
-0.08246,0.02284
-0.18912,-0.07226
-0.12126,0.00686
-0.14105,-0.0021
-0.16235,-0.01315
-0.16688,-0.00812
-0.28639,-0.1189
-0.20995,-0.03467
-0.17612,0.00587
-0.17736,0.0101
-0.25653,-0.06493
-0.11429,0.07997
-0.25003,-0.05473
-0.13338,0.06125
-0.16508,0.02699
-0.22837,-0.04083
-0.0687,0.11217
-0.24735,-0.07542
-0.10255,0.05807
-0.08357,0.06322
-0.17268,-0.04237
-0.02308,0.08798
-0.1047,-0.0158
-0.04546,0.01824
-0.01889,0.01645
-0.01216,-0.00849
0.08265,0.05123
0.1202,0.05013
0.00193,-0.11047
0.24097,0.08241
0.10361,-0.10503
0.32741,0.06525
0.38949,0.07119
0.30645,-0.06893
0.4047,-0.02596
0.41075,-0.06985
0.50699,-0.01357
0.52534,-0.01944
0.59544,0.04928
0.59897,0.08282
0.53286,0.08821
0.2844,-0.03547
0.11548,-0.01315
-0.24928,-0.10627
-0.56014,-0.05082
-0.92284,0.06109
-1.47664,0.10224
-2.38156,-0.07778
-3.20141,-0.03716
-4.1608,-1.34E-03
-5.2619,0.01811
-6.55589,-0.05064
-7.773,0.02741
-9.15995,-0.02919
-10.46153,-3.00E-06
-11.72233,0.03561
-12.98354,0.00172
-14.13471,-0.02601
-15.09858,-0.00508
-15.90834,-0.00339
-16.52904,-0.02081
-16.88196,-0.01335
-16.84682,0.1045
-16.68213,0.03948
-16.15872,-0.01402
-15.1365,0.04935
-13.78119,-0.01503
-11.68339,0.08098
-8.98836,0.03109
-5.33333,0.00191
-0.44922,0.03798
5.67863,-0.08849
13.61243,-0.0593
23.38611,-0.06237
35.28394,0.02331
49.28449,0.12499
65.16482,0.15779
82.42528,0.05841
100.40755,0.05104
117.36173,-0.09311
131.24963,-0.01237
138.19627,-0.02664
133.32476,-1.50E-02
109.95679,0.01474
59.61871,-0.00349
-27.62334,-0.09782
-162.14944,0.07525
-354.87314,-0.03913
-613.71007,0.04429
-943.53859,0.16058
-1344.28082,-0.02831
-1809.24438,-0.13002
-2326.21509,0.0117
-2878.56967,0.09911
-3449.36641,0.1529
-4021.90642,-0.04902
-4578.70262,0.05938
-5103.31431,-0.00217
-5578.56716,0.01965
-5987.47256,0.19243
-6333.4027,-0.07068
-6618.33407,0.03916
-6845.52248,0.05148
-7017.63025,0.08928
-7137.56968,0.0256
-7207.94895,0.0376
-7231.68654,-0.00789
-7211.42432,0.03261
-7150.11402,-0.00729
-7050.36085,0.0525
-6915.17337,-0.01123
-6747.10351,0.03494
-6549.11923,0.00835
-6323.83434,0.08056
-6074.28019,0.00551
-5803.12908,-0.10373
-5512.83142,0.08773
-5206.80174,-0.04929
-4887.34374,-0.03315
-4557.40785,-0.02895
-4219.64632,0.09637
-3877.31145,-0.12414
-3532.28738,0.21071
-3188.379,0.08135
-2847.82806,0.03138
-2513.46368,0.01702
-2188.06717,0.04226
-1874.46957,0.06143
-1575.45666,0.07405
-1293.82027,0.07363
-1032.35611,0.04981
-793.81449,0.03759
-580.97115,0.04657
-396.63827,0.04992
-243.50899,0.1398
-124.57359,0.11129
-42.68864,-0.10687
-3.94E-08,0.12481
2.78E-17,0.09932
0,0.08855
1.39E-17,0.06684
0,0.16296
-2.78E-17,0.15122
0,0.04084
0,0.11266
0,0.02187
0,-0.00841
0,0.03399
0,0.12241
0,0.12213
-1.08E-12,0.08817
4.62E-08,0.0954
-5.12E-04,0.07617
-0.06217,-0.00272
0.01585,0.0597
0.04821,0.07801
0.05336,0.07063
0.08794,0.0941
0.06382,0.06026
0.0467,0.03473
0.09674,0.07761
0.03133,0.00622
-0.01958,-0.04954
0.02823,-0.0055
-0.00682,-0.04335
-0.00142,-0.03981
0.03244,-0.00693
-0.0088,-0.04835
0.02089,-0.01808
-0.08078,-0.11849
0.05031,0.01448
0.0344,9.96E-04
-0.02026,-0.05073
0.06968,0.04256
0.0836,0.06021
-0.08115,-0.10052
-0.03192,-0.04703
-0.03664,-0.0473
-0.05182,-0.05791
0.05555,0.05408
-0.01349,-0.01036
-0.02222,-0.01457
-0.13623,-0.12419
0.02664,0.04289
-0.09539,-0.07522
-0.01652,0.00726
-0.00557,0.02142
0.06059,0.09034
-0.1098,-0.07781
-0.21898,-0.18532
-0.01699,0.0177
0.08552,0.12052
0.05132,0.0858
-0.01205,0.02158
-0.05541,-0.02185
0.02596,0.06118
-0.08866,-0.05029
-0.00101,0.04244
-0.00288,0.04549
0.03079,0.08184
0.14134,0.19061
7.35E-04,0.04253
-0.04432,-1.28E-02
-0.00183,0.01941
-0.1018,-0.08894
-0.02723,-0.01915
-0.00582,9.01E-04
-0.01232,-0.00421
0.02929,0.04076
-0.03437,-0.01848
0.08596,0.10677
0.01324,0.03852
0.01145,0.04059
-0.00912,0.02324
0.02166,0.05664
0.06496,0.10193
-0.04036,-0.00194
-0.02538,0.01441
-0.0013,0.04001
-0.06568,-0.02255
-0.03131,0.01405
-0.00884,0.0391
0.07718,0.12786
0.03931,0.09265
0.03581,0.09174
0.07826,0.13672
0.01681,0.07772
0.0512,0.11449
0.02106,0.08667
0.04542,0.11327
-0.00708,0.06293
-0.12328,-0.05118
0.02336,0.09749
0.12275,0.19881
0.09233,0.17026
0.09569,0.17541
0.11361,0.19502
0.04182,0.12486
0.0493,0.1339
-0.00169,0.08437
0.01774,0.10518
0.07687,0.16562
0.11413,0.20408
0.02922,0.12031
0.0094,0.10154
0.03753,0.13063
0.07498,0.16896
-0.05489,0.03987
-0.10956,-0.01411
-2.41E-04,0.09582
-0.04371,0.05286
4.19E-05,0.09704
0.02139,0.11871
5.42E-04,0.09811
0.11927,0.21699
0.04637,0.14413
0.04283,0.14054
0.06119,0.15876
-0.05211,0.04523
0.08341,0.1804
0.01087,0.10742
0.05591,0.15193
-0.05625,0.03913
-0.08873,0.00591
0.05916,0.15296
0.02943,0.12228
-0.05319,0.03878
-0.0532,0.03816
0.07052,0.16168
-0.07825,0.01302
0.09787,0.18976
-0.0658,0.02709
0.02835,0.12258
-0.03583,0.06004
0.02005,0.11774
-0.05524,0.04439
-0.03371,0.06796
-0.02309,0.08058
-0.09089,0.01471
0.01775,0.12514
-0.06254,0.04642
-0.04517,0.06507
-0.09371,0.01746
-0.1925,-0.08082
-0.04195,0.06975
0.12373,0.23488
0.02258,0.13243
-0.02618,0.08179
-0.0395,0.0662
-0.01956,0.08364
0.01529,0.11576
-0.09243,0.0051
0.05376,0.14814
0.0297,0.12051
0.0311,0.11783
0.01476,0.09688
-0.01028,0.06682
0.03245,0.10423
0.0288,0.09504
-0.02956,0.03111
-0.04229,0.01305
0.00119,0.0516
0.09309,0.13904
-0.08293,-0.04089
-0.0978,-0.0588
0.00428,0.04119
-0.00437,0.03126
0.0017,0.03668
0.00449,0.03929
-0.02656,0.00839
0.08045,0.11569
-0.11555,-0.08006
-0.06695,-0.0313
-0.02088,0.0149
-0.11747,-0.08166
-0.02367,0.01209
0.09384,0.12948
-0.00802,0.02735
0.00712,0.04224
-0.08531,-0.05024
-0.04325,-0.00786
-0.02702,0.00902
-0.02269,0.01416
0.07892,0.11651
0.03388,0.07183
-0.07071,-0.03286
0.01607,0.05338
0.03326,0.06939
0.07552,0.10969
0.10553,0.1369
-0.05595,-0.02806
-0.0406,-0.01642
-0.06669,-0.0462
-3.52E-04,0.01666
0.04517,0.05893
0.07901,0.08971
0.01245,0.02029
-0.00257,0.0026
0.02742,0.03012
-0.03488,-0.03447
0.14986,0.14817
-0.08385,-0.08746
0.02925,0.02387
0.14526,0.1383
0.01767,0.00929
0.00506,-4.58E-03
-0.00566,-0.01639
0.00538,-0.00631
0.10337,0.09088
-0.12325,-0.13641
0.11324,0.09955
-0.07379,-0.08786
-8.70E-04,-0.0152
-0.01138,-0.02584
0.05263,0.03817
-0.08587,-0.10023
0.0439,0.02976
0.14212,0.12832
-0.07245,-0.08582
0.02505,0.01221
-0.02946,-0.04167
0.03851,0.02703
0.01197,1.29E-03
-0.03069,-0.04047
0.03968,0.03086
0.1218,0.11403
-0.00538,-0.01204
0.05097,0.0455
-0.07745,-0.0817
-0.05757,-0.06043
0.03124,0.02985
0.09387,0.09378
0.02159,0.02247
-0.02138,-0.01978
-0.00229,-4.50E-05
-0.08189,-0.079
0.03458,0.03819
0.05144,0.05575
-0.03347,-0.02856
-0.03521,-0.0297
0.01066,0.0168
-0.03429,-0.02759
-0.01131,-0.00418
0.12539,0.13266
-0.02257,-0.01561
-0.02898,-0.02264
-0.04643,-0.04091
0.04252,0.04702
-0.01463,-0.01145
-0.04258,-0.04103
0.08387,0.08348
0.0925,0.08969
-0.03231,-0.03794
-0.10942,-0.11793
0.07489,0.06366
-0.02942,-0.04326
0.06612,0.04995
-0.10629,-0.12447
0.07601,0.0564
-0.05601,-0.07652
0.06708,0.04617
0.02176,9.02E-04
-0.03988,-0.06027
-0.00617,-0.02572
0.06172,0.04336
0.02358,0.00669
0.05207,0.03692
0.13808,0.12487
-0.08776,-0.09883
0.11099,0.10218
0.01304,0.00659
-0.05276,-0.05679
-0.08246,-0.08405
-0.01277,-0.01195
0.05506,0.05823
-0.01348,-0.00806
0.08795,0.09548
-0.10113,-0.09169
-0.01191,-7.64E-04
-0.09171,-0.07913
0.00926,0.02298
0.04152,0.05603
-0.04151,-0.02658
-0.17944,-0.16454
-0.00187,0.01257
0.01413,0.02759
0.01361,0.02554
0.06821,0.07808
-0.07493,-0.06767
0.03862,0.04298
0.0742,0.07534
-0.11013,-0.11237
0.02571,0.0202
-0.02322,-0.03186
0.00636,-0.00515
0.03609,0.02197
-0.01434,-0.03078
-0.02438,-0.04269
0.0218,0.00216
-0.04831,-0.06869
-0.04814,-0.0686
0.06281,0.04292
-0.05373,-0.07258
0.05944,0.0421
0.04471,0.02923
-0.09576,-0.10904
-0.03223,-0.04281
0.08294,0.07545
-0.05775,-0.06199
-0.02853,-0.02934
0.02651,0.02919
0.04348,0.0495
-0.02494,-0.01589
-0.04949,-0.03775
0.07584,0.08987
0.0942,0.10987
0.04522,0.06185
-0.01176,0.00539
-0.06866,-0.05107
-0.07074,-0.05247
0.01369,0.03301
0.00575,0.02644
0.06619,0.08855
0.01676,0.0411
-0.12174,-0.09497
0.03653,0.06646
-0.09674,-0.06306
-0.06226,-0.02426
-0.02685,0.01581
0.07889,0.12609
0.14538,0.19649
-0.01577,0.03833
-0.06787,-0.01158
-0.02394,0.03377
-0.00233,0.05608
-0.07871,-0.02026
0.05552,0.11342
-0.04226,0.01454
-0.02373,0.03145
-0.01106,0.04207
-0.02405,0.02664
0.00509,0.05301
-0.08384,-0.039
-0.07682,-0.03527
-0.10759,-0.06951
-0.00673,0.02777
0.01839,0.04921
0.00177,0.02892
0.08229,0.1058
-0.02032,-3.54E-04
0.02569,0.04225
-0.08234,-0.06898
-0.03487,-0.02446
0.03618,0.04395
0.04816,0.05365
-0.02218,-0.01857
-0.00673,-0.00452
-0.09722,-0.0959
-0.02354,-0.02256
0.05527,0.05626
0.03532,0.03634
0.03067,0.03163
0.00238,0.00315
-1.34E-06,4.46E-04
-0.04179,-0.04172
0.04447,0.04415
0.0274,0.0266
0.03242,0.03109
-0.03146,-0.03324
-0.13413,-0.13605
0.07097,0.06932
-0.02907,-0.03025
-0.05393,-0.05451
0.04376,0.04382
-0.02522,-0.02477
0.06652,0.06697
0.03914,0.03898
0.0446,0.04319
-0.08306,-0.0863
0.08203,0.07657
0.0246,0.01651
-0.01236,-0.02333
0.02291,0.00906
-0.09574,-0.11222
0.04444,0.02582
-0.0448,-0.06504
-0.0643,-0.08546
-0.07478,-0.09618
0.09142,0.0703
-0.01912,-0.03976
0.11697,0.0969
-0.01426,-0.03385
-0.08884,-0.10787
-0.05227,-0.07054
0.09553,0.07808
0.00696,-0.00985
-0.01827,-0.03464
0.02621,0.01011
0.0477,0.0317
0.08665,0.0706
0.10776,0.09152
-0.00617,-0.02273
-0.06679,-0.08378
-0.00861,-0.02612
0.03457,0.01645
-0.04209,-0.06089
-0.04094,-0.06047
0.04204,0.02172
0.01805,-0.00307
0.02401,0.00207
-0.02515,-0.04792
0.00903,-0.01456
-0.03403,-0.05839
0.08135,0.05624
0.09121,0.06541
-9.02E-02,-0.11664
-0.03175,-0.05873
-0.06712,-0.09455
-0.01329,-0.04107
0.02274,-0.00527
-0.0635,-0.09159
-0.03021,-0.05824
-0.03563,-0.06343
0.04051,0.0131
0.0312,0.00438
-0.01957,-0.0456
0.03619,0.01117
-0.01076,-0.03454
0.00512,-0.01716
0.12627,0.10573
0.10322,0.08469
-0.06588,-0.08211
0.06605,0.05242
0.06216,0.05127
-0.06437,-0.07255
0.05739,0.05173
0.10084,0.09717
-0.06854,-0.07092
-0.05626,-0.05797
0.06605,0.0643
0.01993,0.01715
0.03965,0.03484
0.02941,0.02152
0.03661,0.02469
-0.06706,-0.08381
0.08826,0.06617
0.10175,0.0739
0.01946,-0.01449
0.03756,-0.00275
-0.04996,-0.09674
0.0857,0.03249
0.09574,0.03614
0.06203,-0.00393
0.1433,0.07104
0.05742,-0.02111
0.12038,0.03567
0.02641,-0.06442
0.09539,-1.49E-03
0.09182,-0.01102
0.12296,0.01424
0.09115,-0.02335
0.11188,-0.00831
0.17795,0.05219
0.10364,-0.0276
0.03507,-0.10151
0.25234,0.11054
0.23417,0.08728
0.07018,-0.08165
0.20021,0.04358
0.12951,-0.03178
0.18244,0.01665
0.18871,0.01859
0.15948,-0.01481
0.12875,-0.04952
0.13844,-0.04363
0.12781,-0.05789
0.13656,-0.05256
0.18808,-0.00424
0.15012,-0.04522
0.24123,0.04309
0.29468,0.09397
0.16641,-0.03665
0.2203,0.01513
0.23861,0.03157
0.23849,0.02982
0.21484,0.0048
0.25808,0.04692
0.24248,0.03047
0.13439,-0.0782
0.2678,0.05491
0.26896,0.05606
0.1644,-0.04823
0.21444,0.0024
0.25434,0.04317
0.19675,-0.01323
0.27627,0.06779
0.356,0.14935
0.15483,-0.04966
0.11475,-0.08726
0.21837,0.0192
0.24158,0.04559
0.17787,-0.01459
0.28038,0.09182
0.09972,-0.08457
0.22343,0.04378
0.13636,-0.03828
0.27787,0.10863
0.28933,0.12589
0.1088,-0.04844
0.11592,-0.03472
0.19794,0.05431
0.11174,-0.02446
0.12547,-0.00287
0.12166,1.60E-03
-0.00995,-0.12129
0.10129,-8.74E-04
0.049,-0.04358
0.05142,-0.03116
0.16342,0.09121
-1.79E-02,-0.07939
0.10176,0.05138
0.02141,-0.01763
0.0098,-0.01768
0.06572,0.04994
0.02551,0.02149
